Horodatage,Caméra,Scénario,Catégorie,Type d'objet,Nombre
31/05/2024 00:00:00,D07 - ruelle V53-V58,Entree ruelle V53 - V58,Barrière à sens unique,moto,0
31/05/2024 00:00:00,D07 - ruelle V53-V58,Entree ruelle V53 - V58,Barrière à sens unique,véhicule léger,9
31/05/2024 00:00:00,D07 - ruelle V53-V58,Entree ruelle V53 - V58,Barrière à sens unique,véhicule intermédiaire,0
31/05/2024 00:00:00,D07 - ruelle V53-V58,Entree ruelle V53 - V58,Barrière à sens unique,poids lourd,0
31/05/2024 00:00:00,D07 - ruelle V53-V58,Entree ruelle V53 - V58,Barrière à sens unique,bus,0
31/05/2024 00:00:00,D07 - ruelle V53-V58,Entree ruelle V53 - V58,Barrière à sens unique,vélo,0
31/05/2024 00:00:00,D07 - ruelle V53-V58,Entree ruelle V53 - V58,Barrière à sens unique,personne,58
30/05/2024 00:00:00,D07 - ruelle V53-V58,Entree ruelle V53 - V58,Barrière à sens unique,moto,1
30/05/2024 00:00:00,D07 - ruelle V53-V58,Entree ruelle V53 - V58,Barrière à sens unique,véhicule léger,29
30/05/2024 00:00:00,D07 - ruelle V53-V58,Entree ruelle V53 - V58,Barrière à sens unique,véhicule intermédiaire,0
30/05/2024 00:00:00,D07 - ruelle V53-V58,Entree ruelle V53 - V58,Barrière à sens unique,poids lourd,0
30/05/2024 00:00:00,D07 - ruelle V53-V58,Entree ruelle V53 - V58,Barrière à sens unique,bus,0
30/05/2024 00:00:00,D07 - ruelle V53-V58,Entree ruelle V53 - V58,Barrière à sens unique,vélo,0
30/05/2024 00:00:00,D07 - ruelle V53-V58,Entree ruelle V53 - V58,Barrière à sens unique,personne,43
29/05/2024 00:00:00,D07 - ruelle V53-V58,Entree ruelle V53 - V58,Barrière à sens unique,moto,0
29/05/2024 00:00:00,D07 - ruelle V53-V58,Entree ruelle V53 - V58,Barrière à sens unique,véhicule léger,14
29/05/2024 00:00:00,D07 - ruelle V53-V58,Entree ruelle V53 - V58,Barrière à sens unique,véhicule intermédiaire,0
29/05/2024 00:00:00,D07 - ruelle V53-V58,Entree ruelle V53 - V58,Barrière à sens unique,poids lourd,0
29/05/2024 00:00:00,D07 - ruelle V53-V58,Entree ruelle V53 - V58,Barrière à sens unique,bus,0
29/05/2024 00:00:00,D07 - ruelle V53-V58,Entree ruelle V53 - V58,Barrière à sens unique,vélo,0
29/05/2024 00:00:00,D07 - ruelle V53-V58,Entree ruelle V53 - V58,Barrière à sens unique,personne,34
28/05/2024 00:00:00,D07 - ruelle V53-V58,Entree ruelle V53 - V58,Barrière à sens unique,moto,0
28/05/2024 00:00:00,D07 - ruelle V53-V58,Entree ruelle V53 - V58,Barrière à sens unique,véhicule léger,24
28/05/2024 00:00:00,D07 - ruelle V53-V58,Entree ruelle V53 - V58,Barrière à sens unique,véhicule intermédiaire,0
28/05/2024 00:00:00,D07 - ruelle V53-V58,Entree ruelle V53 - V58,Barrière à sens unique,poids lourd,0
28/05/2024 00:00:00,D07 - ruelle V53-V58,Entree ruelle V53 - V58,Barrière à sens unique,bus,0
28/05/2024 00:00:00,D07 - ruelle V53-V58,Entree ruelle V53 - V58,Barrière à sens unique,vélo,0
28/05/2024 00:00:00,D07 - ruelle V53-V58,Entree ruelle V53 - V58,Barrière à sens unique,personne,54
27/05/2024 00:00:00,D07 - ruelle V53-V58,Entree ruelle V53 - V58,Barrière à sens unique,moto,0
27/05/2024 00:00:00,D07 - ruelle V53-V58,Entree ruelle V53 - V58,Barrière à sens unique,véhicule léger,23
27/05/2024 00:00:00,D07 - ruelle V53-V58,Entree ruelle V53 - V58,Barrière à sens unique,véhicule intermédiaire,0
27/05/2024 00:00:00,D07 - ruelle V53-V58,Entree ruelle V53 - V58,Barrière à sens unique,poids lourd,0
27/05/2024 00:00:00,D07 - ruelle V53-V58,Entree ruelle V53 - V58,Barrière à sens unique,bus,0
27/05/2024 00:00:00,D07 - ruelle V53-V58,Entree ruelle V53 - V58,Barrière à sens unique,vélo,0
27/05/2024 00:00:00,D07 - ruelle V53-V58,Entree ruelle V53 - V58,Barrière à sens unique,personne,49
26/05/2024 00:00:00,D07 - ruelle V53-V58,Entree ruelle V53 - V58,Barrière à sens unique,moto,0
26/05/2024 00:00:00,D07 - ruelle V53-V58,Entree ruelle V53 - V58,Barrière à sens unique,véhicule léger,11
26/05/2024 00:00:00,D07 - ruelle V53-V58,Entree ruelle V53 - V58,Barrière à sens unique,véhicule intermédiaire,0
26/05/2024 00:00:00,D07 - ruelle V53-V58,Entree ruelle V53 - V58,Barrière à sens unique,poids lourd,0
26/05/2024 00:00:00,D07 - ruelle V53-V58,Entree ruelle V53 - V58,Barrière à sens unique,bus,0
26/05/2024 00:00:00,D07 - ruelle V53-V58,Entree ruelle V53 - V58,Barrière à sens unique,vélo,0
26/05/2024 00:00:00,D07 - ruelle V53-V58,Entree ruelle V53 - V58,Barrière à sens unique,personne,33
25/06/2024 00:00:00,D07 - ruelle V53-V58,Entree ruelle V53 - V58,Barrière à sens unique,moto,0
25/06/2024 00:00:00,D07 - ruelle V53-V58,Entree ruelle V53 - V58,Barrière à sens unique,véhicule léger,4
25/06/2024 00:00:00,D07 - ruelle V53-V58,Entree ruelle V53 - V58,Barrière à sens unique,véhicule intermédiaire,0
25/06/2024 00:00:00,D07 - ruelle V53-V58,Entree ruelle V53 - V58,Barrière à sens unique,poids lourd,0
25/06/2024 00:00:00,D07 - ruelle V53-V58,Entree ruelle V53 - V58,Barrière à sens unique,bus,0
25/06/2024 00:00:00,D07 - ruelle V53-V58,Entree ruelle V53 - V58,Barrière à sens unique,vélo,0
25/06/2024 00:00:00,D07 - ruelle V53-V58,Entree ruelle V53 - V58,Barrière à sens unique,personne,25
25/05/2024 00:00:00,D07 - ruelle V53-V58,Entree ruelle V53 - V58,Barrière à sens unique,moto,0
25/05/2024 00:00:00,D07 - ruelle V53-V58,Entree ruelle V53 - V58,Barrière à sens unique,véhicule léger,17
25/05/2024 00:00:00,D07 - ruelle V53-V58,Entree ruelle V53 - V58,Barrière à sens unique,véhicule intermédiaire,0
25/05/2024 00:00:00,D07 - ruelle V53-V58,Entree ruelle V53 - V58,Barrière à sens unique,poids lourd,0
25/05/2024 00:00:00,D07 - ruelle V53-V58,Entree ruelle V53 - V58,Barrière à sens unique,bus,0
25/05/2024 00:00:00,D07 - ruelle V53-V58,Entree ruelle V53 - V58,Barrière à sens unique,vélo,0
25/05/2024 00:00:00,D07 - ruelle V53-V58,Entree ruelle V53 - V58,Barrière à sens unique,personne,38
24/06/2024 00:00:00,D07 - ruelle V53-V58,Entree ruelle V53 - V58,Barrière à sens unique,moto,0
24/06/2024 00:00:00,D07 - ruelle V53-V58,Entree ruelle V53 - V58,Barrière à sens unique,véhicule léger,2
24/06/2024 00:00:00,D07 - ruelle V53-V58,Entree ruelle V53 - V58,Barrière à sens unique,véhicule intermédiaire,0
24/06/2024 00:00:00,D07 - ruelle V53-V58,Entree ruelle V53 - V58,Barrière à sens unique,poids lourd,0
24/06/2024 00:00:00,D07 - ruelle V53-V58,Entree ruelle V53 - V58,Barrière à sens unique,bus,0
24/06/2024 00:00:00,D07 - ruelle V53-V58,Entree ruelle V53 - V58,Barrière à sens unique,vélo,0
24/06/2024 00:00:00,D07 - ruelle V53-V58,Entree ruelle V53 - V58,Barrière à sens unique,personne,2
24/05/2024 00:00:00,D07 - ruelle V53-V58,Entree ruelle V53 - V58,Barrière à sens unique,moto,0
24/05/2024 00:00:00,D07 - ruelle V53-V58,Entree ruelle V53 - V58,Barrière à sens unique,véhicule léger,21
24/05/2024 00:00:00,D07 - ruelle V53-V58,Entree ruelle V53 - V58,Barrière à sens unique,véhicule intermédiaire,0
24/05/2024 00:00:00,D07 - ruelle V53-V58,Entree ruelle V53 - V58,Barrière à sens unique,poids lourd,0
24/05/2024 00:00:00,D07 - ruelle V53-V58,Entree ruelle V53 - V58,Barrière à sens unique,bus,0
24/05/2024 00:00:00,D07 - ruelle V53-V58,Entree ruelle V53 - V58,Barrière à sens unique,vélo,0
24/05/2024 00:00:00,D07 - ruelle V53-V58,Entree ruelle V53 - V58,Barrière à sens unique,personne,65
23/06/2024 00:00:00,D07 - ruelle V53-V58,Entree ruelle V53 - V58,Barrière à sens unique,moto,0
23/06/2024 00:00:00,D07 - ruelle V53-V58,Entree ruelle V53 - V58,Barrière à sens unique,véhicule léger,12
23/06/2024 00:00:00,D07 - ruelle V53-V58,Entree ruelle V53 - V58,Barrière à sens unique,véhicule intermédiaire,0
23/06/2024 00:00:00,D07 - ruelle V53-V58,Entree ruelle V53 - V58,Barrière à sens unique,poids lourd,0
23/06/2024 00:00:00,D07 - ruelle V53-V58,Entree ruelle V53 - V58,Barrière à sens unique,bus,0
23/06/2024 00:00:00,D07 - ruelle V53-V58,Entree ruelle V53 - V58,Barrière à sens unique,vélo,0
23/06/2024 00:00:00,D07 - ruelle V53-V58,Entree ruelle V53 - V58,Barrière à sens unique,personne,35
23/05/2024 00:00:00,D07 - ruelle V53-V58,Entree ruelle V53 - V58,Barrière à sens unique,moto,0
23/05/2024 00:00:00,D07 - ruelle V53-V58,Entree ruelle V53 - V58,Barrière à sens unique,véhicule léger,17
23/05/2024 00:00:00,D07 - ruelle V53-V58,Entree ruelle V53 - V58,Barrière à sens unique,véhicule intermédiaire,0
23/05/2024 00:00:00,D07 - ruelle V53-V58,Entree ruelle V53 - V58,Barrière à sens unique,poids lourd,0
23/05/2024 00:00:00,D07 - ruelle V53-V58,Entree ruelle V53 - V58,Barrière à sens unique,bus,0
23/05/2024 00:00:00,D07 - ruelle V53-V58,Entree ruelle V53 - V58,Barrière à sens unique,vélo,0
23/05/2024 00:00:00,D07 - ruelle V53-V58,Entree ruelle V53 - V58,Barrière à sens unique,personne,66
22/05/2024 00:00:00,D07 - ruelle V53-V58,Entree ruelle V53 - V58,Barrière à sens unique,moto,0
22/05/2024 00:00:00,D07 - ruelle V53-V58,Entree ruelle V53 - V58,Barrière à sens unique,véhicule léger,89
22/05/2024 00:00:00,D07 - ruelle V53-V58,Entree ruelle V53 - V58,Barrière à sens unique,véhicule intermédiaire,0
22/05/2024 00:00:00,D07 - ruelle V53-V58,Entree ruelle V53 - V58,Barrière à sens unique,poids lourd,0
22/05/2024 00:00:00,D07 - ruelle V53-V58,Entree ruelle V53 - V58,Barrière à sens unique,bus,0
22/05/2024 00:00:00,D07 - ruelle V53-V58,Entree ruelle V53 - V58,Barrière à sens unique,vélo,0
22/05/2024 00:00:00,D07 - ruelle V53-V58,Entree ruelle V53 - V58,Barrière à sens unique,personne,30
21/05/2024 00:00:00,D07 - ruelle V53-V58,Entree ruelle V53 - V58,Barrière à sens unique,moto,0
21/05/2024 00:00:00,D07 - ruelle V53-V58,Entree ruelle V53 - V58,Barrière à sens unique,véhicule léger,21
21/05/2024 00:00:00,D07 - ruelle V53-V58,Entree ruelle V53 - V58,Barrière à sens unique,véhicule intermédiaire,0
21/05/2024 00:00:00,D07 - ruelle V53-V58,Entree ruelle V53 - V58,Barrière à sens unique,poids lourd,0
21/05/2024 00:00:00,D07 - ruelle V53-V58,Entree ruelle V53 - V58,Barrière à sens unique,bus,0
21/05/2024 00:00:00,D07 - ruelle V53-V58,Entree ruelle V53 - V58,Barrière à sens unique,vélo,0
21/05/2024 00:00:00,D07 - ruelle V53-V58,Entree ruelle V53 - V58,Barrière à sens unique,personne,52
20/06/2024 00:00:00,D07 - ruelle V53-V58,Entree ruelle V53 - V58,Barrière à sens unique,moto,0
20/06/2024 00:00:00,D07 - ruelle V53-V58,Entree ruelle V53 - V58,Barrière à sens unique,véhicule léger,12
20/06/2024 00:00:00,D07 - ruelle V53-V58,Entree ruelle V53 - V58,Barrière à sens unique,véhicule intermédiaire,0
20/06/2024 00:00:00,D07 - ruelle V53-V58,Entree ruelle V53 - V58,Barrière à sens unique,poids lourd,0
20/06/2024 00:00:00,D07 - ruelle V53-V58,Entree ruelle V53 - V58,Barrière à sens unique,bus,0
20/06/2024 00:00:00,D07 - ruelle V53-V58,Entree ruelle V53 - V58,Barrière à sens unique,vélo,0
20/06/2024 00:00:00,D07 - ruelle V53-V58,Entree ruelle V53 - V58,Barrière à sens unique,personne,19
20/05/2024 00:00:00,D07 - ruelle V53-V58,Entree ruelle V53 - V58,Barrière à sens unique,moto,0
20/05/2024 00:00:00,D07 - ruelle V53-V58,Entree ruelle V53 - V58,Barrière à sens unique,véhicule léger,16
20/05/2024 00:00:00,D07 - ruelle V53-V58,Entree ruelle V53 - V58,Barrière à sens unique,véhicule intermédiaire,0
20/05/2024 00:00:00,D07 - ruelle V53-V58,Entree ruelle V53 - V58,Barrière à sens unique,poids lourd,0
20/05/2024 00:00:00,D07 - ruelle V53-V58,Entree ruelle V53 - V58,Barrière à sens unique,bus,0
20/05/2024 00:00:00,D07 - ruelle V53-V58,Entree ruelle V53 - V58,Barrière à sens unique,vélo,0
20/05/2024 00:00:00,D07 - ruelle V53-V58,Entree ruelle V53 - V58,Barrière à sens unique,personne,52
19/06/2024 00:00:00,D07 - ruelle V53-V58,Entree ruelle V53 - V58,Barrière à sens unique,moto,0
19/06/2024 00:00:00,D07 - ruelle V53-V58,Entree ruelle V53 - V58,Barrière à sens unique,véhicule léger,17
19/06/2024 00:00:00,D07 - ruelle V53-V58,Entree ruelle V53 - V58,Barrière à sens unique,véhicule intermédiaire,0
19/06/2024 00:00:00,D07 - ruelle V53-V58,Entree ruelle V53 - V58,Barrière à sens unique,poids lourd,0
19/06/2024 00:00:00,D07 - ruelle V53-V58,Entree ruelle V53 - V58,Barrière à sens unique,bus,0
19/06/2024 00:00:00,D07 - ruelle V53-V58,Entree ruelle V53 - V58,Barrière à sens unique,vélo,0
19/06/2024 00:00:00,D07 - ruelle V53-V58,Entree ruelle V53 - V58,Barrière à sens unique,personne,27
19/05/2024 00:00:00,D07 - ruelle V53-V58,Entree ruelle V53 - V58,Barrière à sens unique,moto,0
19/05/2024 00:00:00,D07 - ruelle V53-V58,Entree ruelle V53 - V58,Barrière à sens unique,véhicule léger,19
19/05/2024 00:00:00,D07 - ruelle V53-V58,Entree ruelle V53 - V58,Barrière à sens unique,véhicule intermédiaire,0
19/05/2024 00:00:00,D07 - ruelle V53-V58,Entree ruelle V53 - V58,Barrière à sens unique,poids lourd,0
19/05/2024 00:00:00,D07 - ruelle V53-V58,Entree ruelle V53 - V58,Barrière à sens unique,bus,0
19/05/2024 00:00:00,D07 - ruelle V53-V58,Entree ruelle V53 - V58,Barrière à sens unique,vélo,0
19/05/2024 00:00:00,D07 - ruelle V53-V58,Entree ruelle V53 - V58,Barrière à sens unique,personne,33
18/06/2024 00:00:00,D07 - ruelle V53-V58,Entree ruelle V53 - V58,Barrière à sens unique,moto,0
18/06/2024 00:00:00,D07 - ruelle V53-V58,Entree ruelle V53 - V58,Barrière à sens unique,véhicule léger,14
18/06/2024 00:00:00,D07 - ruelle V53-V58,Entree ruelle V53 - V58,Barrière à sens unique,véhicule intermédiaire,0
18/06/2024 00:00:00,D07 - ruelle V53-V58,Entree ruelle V53 - V58,Barrière à sens unique,poids lourd,0
18/06/2024 00:00:00,D07 - ruelle V53-V58,Entree ruelle V53 - V58,Barrière à sens unique,bus,0
18/06/2024 00:00:00,D07 - ruelle V53-V58,Entree ruelle V53 - V58,Barrière à sens unique,vélo,1
18/06/2024 00:00:00,D07 - ruelle V53-V58,Entree ruelle V53 - V58,Barrière à sens unique,personne,38
18/05/2024 00:00:00,D07 - ruelle V53-V58,Entree ruelle V53 - V58,Barrière à sens unique,moto,0
18/05/2024 00:00:00,D07 - ruelle V53-V58,Entree ruelle V53 - V58,Barrière à sens unique,véhicule léger,12
18/05/2024 00:00:00,D07 - ruelle V53-V58,Entree ruelle V53 - V58,Barrière à sens unique,véhicule intermédiaire,0
18/05/2024 00:00:00,D07 - ruelle V53-V58,Entree ruelle V53 - V58,Barrière à sens unique,poids lourd,0
18/05/2024 00:00:00,D07 - ruelle V53-V58,Entree ruelle V53 - V58,Barrière à sens unique,bus,0
18/05/2024 00:00:00,D07 - ruelle V53-V58,Entree ruelle V53 - V58,Barrière à sens unique,vélo,0
18/05/2024 00:00:00,D07 - ruelle V53-V58,Entree ruelle V53 - V58,Barrière à sens unique,personne,34
17/06/2024 00:00:00,D07 - ruelle V53-V58,Entree ruelle V53 - V58,Barrière à sens unique,moto,0
17/06/2024 00:00:00,D07 - ruelle V53-V58,Entree ruelle V53 - V58,Barrière à sens unique,véhicule léger,18
17/06/2024 00:00:00,D07 - ruelle V53-V58,Entree ruelle V53 - V58,Barrière à sens unique,véhicule intermédiaire,0
17/06/2024 00:00:00,D07 - ruelle V53-V58,Entree ruelle V53 - V58,Barrière à sens unique,poids lourd,0
17/06/2024 00:00:00,D07 - ruelle V53-V58,Entree ruelle V53 - V58,Barrière à sens unique,bus,0
17/06/2024 00:00:00,D07 - ruelle V53-V58,Entree ruelle V53 - V58,Barrière à sens unique,vélo,0
17/06/2024 00:00:00,D07 - ruelle V53-V58,Entree ruelle V53 - V58,Barrière à sens unique,personne,53
17/05/2024 00:00:00,D07 - ruelle V53-V58,Entree ruelle V53 - V58,Barrière à sens unique,moto,0
17/05/2024 00:00:00,D07 - ruelle V53-V58,Entree ruelle V53 - V58,Barrière à sens unique,véhicule léger,25
17/05/2024 00:00:00,D07 - ruelle V53-V58,Entree ruelle V53 - V58,Barrière à sens unique,véhicule intermédiaire,0
17/05/2024 00:00:00,D07 - ruelle V53-V58,Entree ruelle V53 - V58,Barrière à sens unique,poids lourd,0
17/05/2024 00:00:00,D07 - ruelle V53-V58,Entree ruelle V53 - V58,Barrière à sens unique,bus,0
17/05/2024 00:00:00,D07 - ruelle V53-V58,Entree ruelle V53 - V58,Barrière à sens unique,vélo,0
17/05/2024 00:00:00,D07 - ruelle V53-V58,Entree ruelle V53 - V58,Barrière à sens unique,personne,50
16/06/2024 00:00:00,D07 - ruelle V53-V58,Entree ruelle V53 - V58,Barrière à sens unique,moto,0
16/06/2024 00:00:00,D07 - ruelle V53-V58,Entree ruelle V53 - V58,Barrière à sens unique,véhicule léger,10
16/06/2024 00:00:00,D07 - ruelle V53-V58,Entree ruelle V53 - V58,Barrière à sens unique,véhicule intermédiaire,0
16/06/2024 00:00:00,D07 - ruelle V53-V58,Entree ruelle V53 - V58,Barrière à sens unique,poids lourd,0
16/06/2024 00:00:00,D07 - ruelle V53-V58,Entree ruelle V53 - V58,Barrière à sens unique,bus,0
16/06/2024 00:00:00,D07 - ruelle V53-V58,Entree ruelle V53 - V58,Barrière à sens unique,vélo,0
16/06/2024 00:00:00,D07 - ruelle V53-V58,Entree ruelle V53 - V58,Barrière à sens unique,personne,15
16/05/2024 00:00:00,D07 - ruelle V53-V58,Entree ruelle V53 - V58,Barrière à sens unique,moto,0
16/05/2024 00:00:00,D07 - ruelle V53-V58,Entree ruelle V53 - V58,Barrière à sens unique,véhicule léger,19
16/05/2024 00:00:00,D07 - ruelle V53-V58,Entree ruelle V53 - V58,Barrière à sens unique,véhicule intermédiaire,0
16/05/2024 00:00:00,D07 - ruelle V53-V58,Entree ruelle V53 - V58,Barrière à sens unique,poids lourd,0
16/05/2024 00:00:00,D07 - ruelle V53-V58,Entree ruelle V53 - V58,Barrière à sens unique,bus,0
16/05/2024 00:00:00,D07 - ruelle V53-V58,Entree ruelle V53 - V58,Barrière à sens unique,vélo,0
16/05/2024 00:00:00,D07 - ruelle V53-V58,Entree ruelle V53 - V58,Barrière à sens unique,personne,73
15/06/2024 00:00:00,D07 - ruelle V53-V58,Entree ruelle V53 - V58,Barrière à sens unique,moto,0
15/06/2024 00:00:00,D07 - ruelle V53-V58,Entree ruelle V53 - V58,Barrière à sens unique,véhicule léger,22
15/06/2024 00:00:00,D07 - ruelle V53-V58,Entree ruelle V53 - V58,Barrière à sens unique,véhicule intermédiaire,0
15/06/2024 00:00:00,D07 - ruelle V53-V58,Entree ruelle V53 - V58,Barrière à sens unique,poids lourd,0
15/06/2024 00:00:00,D07 - ruelle V53-V58,Entree ruelle V53 - V58,Barrière à sens unique,bus,0
15/06/2024 00:00:00,D07 - ruelle V53-V58,Entree ruelle V53 - V58,Barrière à sens unique,vélo,0
15/06/2024 00:00:00,D07 - ruelle V53-V58,Entree ruelle V53 - V58,Barrière à sens unique,personne,48
15/05/2024 00:00:00,D07 - ruelle V53-V58,Entree ruelle V53 - V58,Barrière à sens unique,moto,0
15/05/2024 00:00:00,D07 - ruelle V53-V58,Entree ruelle V53 - V58,Barrière à sens unique,véhicule léger,26
15/05/2024 00:00:00,D07 - ruelle V53-V58,Entree ruelle V53 - V58,Barrière à sens unique,véhicule intermédiaire,0
15/05/2024 00:00:00,D07 - ruelle V53-V58,Entree ruelle V53 - V58,Barrière à sens unique,poids lourd,0
15/05/2024 00:00:00,D07 - ruelle V53-V58,Entree ruelle V53 - V58,Barrière à sens unique,bus,0
15/05/2024 00:00:00,D07 - ruelle V53-V58,Entree ruelle V53 - V58,Barrière à sens unique,vélo,0
15/05/2024 00:00:00,D07 - ruelle V53-V58,Entree ruelle V53 - V58,Barrière à sens unique,personne,40
14/06/2024 00:00:00,D07 - ruelle V53-V58,Entree ruelle V53 - V58,Barrière à sens unique,moto,0
14/06/2024 00:00:00,D07 - ruelle V53-V58,Entree ruelle V53 - V58,Barrière à sens unique,véhicule léger,8
14/06/2024 00:00:00,D07 - ruelle V53-V58,Entree ruelle V53 - V58,Barrière à sens unique,véhicule intermédiaire,0
14/06/2024 00:00:00,D07 - ruelle V53-V58,Entree ruelle V53 - V58,Barrière à sens unique,poids lourd,0
14/06/2024 00:00:00,D07 - ruelle V53-V58,Entree ruelle V53 - V58,Barrière à sens unique,bus,0
14/06/2024 00:00:00,D07 - ruelle V53-V58,Entree ruelle V53 - V58,Barrière à sens unique,vélo,0
14/06/2024 00:00:00,D07 - ruelle V53-V58,Entree ruelle V53 - V58,Barrière à sens unique,personne,20
14/05/2024 00:00:00,D07 - ruelle V53-V58,Entree ruelle V53 - V58,Barrière à sens unique,moto,0
14/05/2024 00:00:00,D07 - ruelle V53-V58,Entree ruelle V53 - V58,Barrière à sens unique,véhicule léger,559
14/05/2024 00:00:00,D07 - ruelle V53-V58,Entree ruelle V53 - V58,Barrière à sens unique,véhicule intermédiaire,0
14/05/2024 00:00:00,D07 - ruelle V53-V58,Entree ruelle V53 - V58,Barrière à sens unique,poids lourd,0
14/05/2024 00:00:00,D07 - ruelle V53-V58,Entree ruelle V53 - V58,Barrière à sens unique,bus,0
14/05/2024 00:00:00,D07 - ruelle V53-V58,Entree ruelle V53 - V58,Barrière à sens unique,vélo,0
14/05/2024 00:00:00,D07 - ruelle V53-V58,Entree ruelle V53 - V58,Barrière à sens unique,personne,80
13/06/2024 00:00:00,D07 - ruelle V53-V58,Entree ruelle V53 - V58,Barrière à sens unique,moto,0
13/06/2024 00:00:00,D07 - ruelle V53-V58,Entree ruelle V53 - V58,Barrière à sens unique,véhicule léger,15
13/06/2024 00:00:00,D07 - ruelle V53-V58,Entree ruelle V53 - V58,Barrière à sens unique,véhicule intermédiaire,0
13/06/2024 00:00:00,D07 - ruelle V53-V58,Entree ruelle V53 - V58,Barrière à sens unique,poids lourd,0
13/06/2024 00:00:00,D07 - ruelle V53-V58,Entree ruelle V53 - V58,Barrière à sens unique,bus,0
13/06/2024 00:00:00,D07 - ruelle V53-V58,Entree ruelle V53 - V58,Barrière à sens unique,vélo,0
13/06/2024 00:00:00,D07 - ruelle V53-V58,Entree ruelle V53 - V58,Barrière à sens unique,personne,31
13/05/2024 00:00:00,D07 - ruelle V53-V58,Entree ruelle V53 - V58,Barrière à sens unique,moto,0
13/05/2024 00:00:00,D07 - ruelle V53-V58,Entree ruelle V53 - V58,Barrière à sens unique,véhicule léger,22
13/05/2024 00:00:00,D07 - ruelle V53-V58,Entree ruelle V53 - V58,Barrière à sens unique,véhicule intermédiaire,0
13/05/2024 00:00:00,D07 - ruelle V53-V58,Entree ruelle V53 - V58,Barrière à sens unique,poids lourd,0
13/05/2024 00:00:00,D07 - ruelle V53-V58,Entree ruelle V53 - V58,Barrière à sens unique,bus,0
13/05/2024 00:00:00,D07 - ruelle V53-V58,Entree ruelle V53 - V58,Barrière à sens unique,vélo,0
13/05/2024 00:00:00,D07 - ruelle V53-V58,Entree ruelle V53 - V58,Barrière à sens unique,personne,49
12/06/2024 00:00:00,D07 - ruelle V53-V58,Entree ruelle V53 - V58,Barrière à sens unique,moto,0
12/06/2024 00:00:00,D07 - ruelle V53-V58,Entree ruelle V53 - V58,Barrière à sens unique,véhicule léger,12
12/06/2024 00:00:00,D07 - ruelle V53-V58,Entree ruelle V53 - V58,Barrière à sens unique,véhicule intermédiaire,0
12/06/2024 00:00:00,D07 - ruelle V53-V58,Entree ruelle V53 - V58,Barrière à sens unique,poids lourd,0
12/06/2024 00:00:00,D07 - ruelle V53-V58,Entree ruelle V53 - V58,Barrière à sens unique,bus,0
12/06/2024 00:00:00,D07 - ruelle V53-V58,Entree ruelle V53 - V58,Barrière à sens unique,vélo,0
12/06/2024 00:00:00,D07 - ruelle V53-V58,Entree ruelle V53 - V58,Barrière à sens unique,personne,34
12/05/2024 00:00:00,D07 - ruelle V53-V58,Entree ruelle V53 - V58,Barrière à sens unique,moto,0
12/05/2024 00:00:00,D07 - ruelle V53-V58,Entree ruelle V53 - V58,Barrière à sens unique,véhicule léger,22
12/05/2024 00:00:00,D07 - ruelle V53-V58,Entree ruelle V53 - V58,Barrière à sens unique,véhicule intermédiaire,0
12/05/2024 00:00:00,D07 - ruelle V53-V58,Entree ruelle V53 - V58,Barrière à sens unique,poids lourd,0
12/05/2024 00:00:00,D07 - ruelle V53-V58,Entree ruelle V53 - V58,Barrière à sens unique,bus,0
12/05/2024 00:00:00,D07 - ruelle V53-V58,Entree ruelle V53 - V58,Barrière à sens unique,vélo,0
12/05/2024 00:00:00,D07 - ruelle V53-V58,Entree ruelle V53 - V58,Barrière à sens unique,personne,26
11/06/2024 00:00:00,D07 - ruelle V53-V58,Entree ruelle V53 - V58,Barrière à sens unique,moto,0
11/06/2024 00:00:00,D07 - ruelle V53-V58,Entree ruelle V53 - V58,Barrière à sens unique,véhicule léger,16
11/06/2024 00:00:00,D07 - ruelle V53-V58,Entree ruelle V53 - V58,Barrière à sens unique,véhicule intermédiaire,0
11/06/2024 00:00:00,D07 - ruelle V53-V58,Entree ruelle V53 - V58,Barrière à sens unique,poids lourd,0
11/06/2024 00:00:00,D07 - ruelle V53-V58,Entree ruelle V53 - V58,Barrière à sens unique,bus,0
11/06/2024 00:00:00,D07 - ruelle V53-V58,Entree ruelle V53 - V58,Barrière à sens unique,vélo,0
11/06/2024 00:00:00,D07 - ruelle V53-V58,Entree ruelle V53 - V58,Barrière à sens unique,personne,47
11/05/2024 00:00:00,D07 - ruelle V53-V58,Entree ruelle V53 - V58,Barrière à sens unique,moto,0
11/05/2024 00:00:00,D07 - ruelle V53-V58,Entree ruelle V53 - V58,Barrière à sens unique,véhicule léger,34
11/05/2024 00:00:00,D07 - ruelle V53-V58,Entree ruelle V53 - V58,Barrière à sens unique,véhicule intermédiaire,0
11/05/2024 00:00:00,D07 - ruelle V53-V58,Entree ruelle V53 - V58,Barrière à sens unique,poids lourd,0
11/05/2024 00:00:00,D07 - ruelle V53-V58,Entree ruelle V53 - V58,Barrière à sens unique,bus,0
11/05/2024 00:00:00,D07 - ruelle V53-V58,Entree ruelle V53 - V58,Barrière à sens unique,vélo,0
11/05/2024 00:00:00,D07 - ruelle V53-V58,Entree ruelle V53 - V58,Barrière à sens unique,personne,73
10/06/2024 00:00:00,D07 - ruelle V53-V58,Entree ruelle V53 - V58,Barrière à sens unique,moto,0
10/06/2024 00:00:00,D07 - ruelle V53-V58,Entree ruelle V53 - V58,Barrière à sens unique,véhicule léger,16
10/06/2024 00:00:00,D07 - ruelle V53-V58,Entree ruelle V53 - V58,Barrière à sens unique,véhicule intermédiaire,0
10/06/2024 00:00:00,D07 - ruelle V53-V58,Entree ruelle V53 - V58,Barrière à sens unique,poids lourd,0
10/06/2024 00:00:00,D07 - ruelle V53-V58,Entree ruelle V53 - V58,Barrière à sens unique,bus,0
10/06/2024 00:00:00,D07 - ruelle V53-V58,Entree ruelle V53 - V58,Barrière à sens unique,vélo,0
10/06/2024 00:00:00,D07 - ruelle V53-V58,Entree ruelle V53 - V58,Barrière à sens unique,personne,27
10/05/2024 00:00:00,D07 - ruelle V53-V58,Entree ruelle V53 - V58,Barrière à sens unique,moto,0
10/05/2024 00:00:00,D07 - ruelle V53-V58,Entree ruelle V53 - V58,Barrière à sens unique,véhicule léger,23
10/05/2024 00:00:00,D07 - ruelle V53-V58,Entree ruelle V53 - V58,Barrière à sens unique,véhicule intermédiaire,0
10/05/2024 00:00:00,D07 - ruelle V53-V58,Entree ruelle V53 - V58,Barrière à sens unique,poids lourd,0
10/05/2024 00:00:00,D07 - ruelle V53-V58,Entree ruelle V53 - V58,Barrière à sens unique,bus,0
10/05/2024 00:00:00,D07 - ruelle V53-V58,Entree ruelle V53 - V58,Barrière à sens unique,vélo,0
10/05/2024 00:00:00,D07 - ruelle V53-V58,Entree ruelle V53 - V58,Barrière à sens unique,personne,49
09/06/2024 00:00:00,D07 - ruelle V53-V58,Entree ruelle V53 - V58,Barrière à sens unique,moto,0
09/06/2024 00:00:00,D07 - ruelle V53-V58,Entree ruelle V53 - V58,Barrière à sens unique,véhicule léger,17
09/06/2024 00:00:00,D07 - ruelle V53-V58,Entree ruelle V53 - V58,Barrière à sens unique,véhicule intermédiaire,0
09/06/2024 00:00:00,D07 - ruelle V53-V58,Entree ruelle V53 - V58,Barrière à sens unique,poids lourd,0
09/06/2024 00:00:00,D07 - ruelle V53-V58,Entree ruelle V53 - V58,Barrière à sens unique,bus,0
09/06/2024 00:00:00,D07 - ruelle V53-V58,Entree ruelle V53 - V58,Barrière à sens unique,vélo,0
09/06/2024 00:00:00,D07 - ruelle V53-V58,Entree ruelle V53 - V58,Barrière à sens unique,personne,19
09/05/2024 00:00:00,D07 - ruelle V53-V58,Entree ruelle V53 - V58,Barrière à sens unique,moto,0
09/05/2024 00:00:00,D07 - ruelle V53-V58,Entree ruelle V53 - V58,Barrière à sens unique,véhicule léger,22
09/05/2024 00:00:00,D07 - ruelle V53-V58,Entree ruelle V53 - V58,Barrière à sens unique,véhicule intermédiaire,0
09/05/2024 00:00:00,D07 - ruelle V53-V58,Entree ruelle V53 - V58,Barrière à sens unique,poids lourd,0
09/05/2024 00:00:00,D07 - ruelle V53-V58,Entree ruelle V53 - V58,Barrière à sens unique,bus,0
09/05/2024 00:00:00,D07 - ruelle V53-V58,Entree ruelle V53 - V58,Barrière à sens unique,vélo,0
09/05/2024 00:00:00,D07 - ruelle V53-V58,Entree ruelle V53 - V58,Barrière à sens unique,personne,55
08/06/2024 00:00:00,D07 - ruelle V53-V58,Entree ruelle V53 - V58,Barrière à sens unique,moto,0
08/06/2024 00:00:00,D07 - ruelle V53-V58,Entree ruelle V53 - V58,Barrière à sens unique,véhicule léger,0
08/06/2024 00:00:00,D07 - ruelle V53-V58,Entree ruelle V53 - V58,Barrière à sens unique,véhicule intermédiaire,0
08/06/2024 00:00:00,D07 - ruelle V53-V58,Entree ruelle V53 - V58,Barrière à sens unique,poids lourd,0
08/06/2024 00:00:00,D07 - ruelle V53-V58,Entree ruelle V53 - V58,Barrière à sens unique,bus,0
08/06/2024 00:00:00,D07 - ruelle V53-V58,Entree ruelle V53 - V58,Barrière à sens unique,vélo,0
08/06/2024 00:00:00,D07 - ruelle V53-V58,Entree ruelle V53 - V58,Barrière à sens unique,personne,0
08/05/2024 00:00:00,D07 - ruelle V53-V58,Entree ruelle V53 - V58,Barrière à sens unique,moto,0
08/05/2024 00:00:00,D07 - ruelle V53-V58,Entree ruelle V53 - V58,Barrière à sens unique,véhicule léger,21
08/05/2024 00:00:00,D07 - ruelle V53-V58,Entree ruelle V53 - V58,Barrière à sens unique,véhicule intermédiaire,0
08/05/2024 00:00:00,D07 - ruelle V53-V58,Entree ruelle V53 - V58,Barrière à sens unique,poids lourd,0
08/05/2024 00:00:00,D07 - ruelle V53-V58,Entree ruelle V53 - V58,Barrière à sens unique,bus,0
08/05/2024 00:00:00,D07 - ruelle V53-V58,Entree ruelle V53 - V58,Barrière à sens unique,vélo,0
08/05/2024 00:00:00,D07 - ruelle V53-V58,Entree ruelle V53 - V58,Barrière à sens unique,personne,64
07/06/2024 00:00:00,D07 - ruelle V53-V58,Entree ruelle V53 - V58,Barrière à sens unique,moto,0
07/06/2024 00:00:00,D07 - ruelle V53-V58,Entree ruelle V53 - V58,Barrière à sens unique,véhicule léger,0
07/06/2024 00:00:00,D07 - ruelle V53-V58,Entree ruelle V53 - V58,Barrière à sens unique,véhicule intermédiaire,0
07/06/2024 00:00:00,D07 - ruelle V53-V58,Entree ruelle V53 - V58,Barrière à sens unique,poids lourd,0
07/06/2024 00:00:00,D07 - ruelle V53-V58,Entree ruelle V53 - V58,Barrière à sens unique,bus,0
07/06/2024 00:00:00,D07 - ruelle V53-V58,Entree ruelle V53 - V58,Barrière à sens unique,vélo,1
07/06/2024 00:00:00,D07 - ruelle V53-V58,Entree ruelle V53 - V58,Barrière à sens unique,personne,0
07/05/2024 00:00:00,D07 - ruelle V53-V58,Entree ruelle V53 - V58,Barrière à sens unique,moto,0
07/05/2024 00:00:00,D07 - ruelle V53-V58,Entree ruelle V53 - V58,Barrière à sens unique,véhicule léger,19
07/05/2024 00:00:00,D07 - ruelle V53-V58,Entree ruelle V53 - V58,Barrière à sens unique,véhicule intermédiaire,0
07/05/2024 00:00:00,D07 - ruelle V53-V58,Entree ruelle V53 - V58,Barrière à sens unique,poids lourd,0
07/05/2024 00:00:00,D07 - ruelle V53-V58,Entree ruelle V53 - V58,Barrière à sens unique,bus,0
07/05/2024 00:00:00,D07 - ruelle V53-V58,Entree ruelle V53 - V58,Barrière à sens unique,vélo,0
07/05/2024 00:00:00,D07 - ruelle V53-V58,Entree ruelle V53 - V58,Barrière à sens unique,personne,37
06/06/2024 00:00:00,D07 - ruelle V53-V58,Entree ruelle V53 - V58,Barrière à sens unique,moto,0
06/06/2024 00:00:00,D07 - ruelle V53-V58,Entree ruelle V53 - V58,Barrière à sens unique,véhicule léger,4
06/06/2024 00:00:00,D07 - ruelle V53-V58,Entree ruelle V53 - V58,Barrière à sens unique,véhicule intermédiaire,0
06/06/2024 00:00:00,D07 - ruelle V53-V58,Entree ruelle V53 - V58,Barrière à sens unique,poids lourd,0
06/06/2024 00:00:00,D07 - ruelle V53-V58,Entree ruelle V53 - V58,Barrière à sens unique,bus,0
06/06/2024 00:00:00,D07 - ruelle V53-V58,Entree ruelle V53 - V58,Barrière à sens unique,vélo,0
06/06/2024 00:00:00,D07 - ruelle V53-V58,Entree ruelle V53 - V58,Barrière à sens unique,personne,12
06/05/2024 00:00:00,D07 - ruelle V53-V58,Entree ruelle V53 - V58,Barrière à sens unique,moto,0
06/05/2024 00:00:00,D07 - ruelle V53-V58,Entree ruelle V53 - V58,Barrière à sens unique,véhicule léger,20
06/05/2024 00:00:00,D07 - ruelle V53-V58,Entree ruelle V53 - V58,Barrière à sens unique,véhicule intermédiaire,0
06/05/2024 00:00:00,D07 - ruelle V53-V58,Entree ruelle V53 - V58,Barrière à sens unique,poids lourd,0
06/05/2024 00:00:00,D07 - ruelle V53-V58,Entree ruelle V53 - V58,Barrière à sens unique,bus,0
06/05/2024 00:00:00,D07 - ruelle V53-V58,Entree ruelle V53 - V58,Barrière à sens unique,vélo,0
06/05/2024 00:00:00,D07 - ruelle V53-V58,Entree ruelle V53 - V58,Barrière à sens unique,personne,35
05/06/2024 00:00:00,D07 - ruelle V53-V58,Entree ruelle V53 - V58,Barrière à sens unique,moto,0
05/06/2024 00:00:00,D07 - ruelle V53-V58,Entree ruelle V53 - V58,Barrière à sens unique,véhicule léger,14
05/06/2024 00:00:00,D07 - ruelle V53-V58,Entree ruelle V53 - V58,Barrière à sens unique,véhicule intermédiaire,0
05/06/2024 00:00:00,D07 - ruelle V53-V58,Entree ruelle V53 - V58,Barrière à sens unique,poids lourd,0
05/06/2024 00:00:00,D07 - ruelle V53-V58,Entree ruelle V53 - V58,Barrière à sens unique,bus,0
05/06/2024 00:00:00,D07 - ruelle V53-V58,Entree ruelle V53 - V58,Barrière à sens unique,vélo,0
05/06/2024 00:00:00,D07 - ruelle V53-V58,Entree ruelle V53 - V58,Barrière à sens unique,personne,56
05/05/2024 00:00:00,D07 - ruelle V53-V58,Entree ruelle V53 - V58,Barrière à sens unique,moto,0
05/05/2024 00:00:00,D07 - ruelle V53-V58,Entree ruelle V53 - V58,Barrière à sens unique,véhicule léger,23
05/05/2024 00:00:00,D07 - ruelle V53-V58,Entree ruelle V53 - V58,Barrière à sens unique,véhicule intermédiaire,0
05/05/2024 00:00:00,D07 - ruelle V53-V58,Entree ruelle V53 - V58,Barrière à sens unique,poids lourd,0
05/05/2024 00:00:00,D07 - ruelle V53-V58,Entree ruelle V53 - V58,Barrière à sens unique,bus,0
05/05/2024 00:00:00,D07 - ruelle V53-V58,Entree ruelle V53 - V58,Barrière à sens unique,vélo,0
05/05/2024 00:00:00,D07 - ruelle V53-V58,Entree ruelle V53 - V58,Barrière à sens unique,personne,32
04/06/2024 00:00:00,D07 - ruelle V53-V58,Entree ruelle V53 - V58,Barrière à sens unique,moto,0
04/06/2024 00:00:00,D07 - ruelle V53-V58,Entree ruelle V53 - V58,Barrière à sens unique,véhicule léger,17
04/06/2024 00:00:00,D07 - ruelle V53-V58,Entree ruelle V53 - V58,Barrière à sens unique,véhicule intermédiaire,0
04/06/2024 00:00:00,D07 - ruelle V53-V58,Entree ruelle V53 - V58,Barrière à sens unique,poids lourd,0
04/06/2024 00:00:00,D07 - ruelle V53-V58,Entree ruelle V53 - V58,Barrière à sens unique,bus,0
04/06/2024 00:00:00,D07 - ruelle V53-V58,Entree ruelle V53 - V58,Barrière à sens unique,vélo,0
04/06/2024 00:00:00,D07 - ruelle V53-V58,Entree ruelle V53 - V58,Barrière à sens unique,personne,43
04/05/2024 00:00:00,D07 - ruelle V53-V58,Entree ruelle V53 - V58,Barrière à sens unique,moto,0
04/05/2024 00:00:00,D07 - ruelle V53-V58,Entree ruelle V53 - V58,Barrière à sens unique,véhicule léger,19
04/05/2024 00:00:00,D07 - ruelle V53-V58,Entree ruelle V53 - V58,Barrière à sens unique,véhicule intermédiaire,0
04/05/2024 00:00:00,D07 - ruelle V53-V58,Entree ruelle V53 - V58,Barrière à sens unique,poids lourd,0
04/05/2024 00:00:00,D07 - ruelle V53-V58,Entree ruelle V53 - V58,Barrière à sens unique,bus,0
04/05/2024 00:00:00,D07 - ruelle V53-V58,Entree ruelle V53 - V58,Barrière à sens unique,vélo,0
04/05/2024 00:00:00,D07 - ruelle V53-V58,Entree ruelle V53 - V58,Barrière à sens unique,personne,54
03/06/2024 00:00:00,D07 - ruelle V53-V58,Entree ruelle V53 - V58,Barrière à sens unique,moto,0
03/06/2024 00:00:00,D07 - ruelle V53-V58,Entree ruelle V53 - V58,Barrière à sens unique,véhicule léger,18
03/06/2024 00:00:00,D07 - ruelle V53-V58,Entree ruelle V53 - V58,Barrière à sens unique,véhicule intermédiaire,0
03/06/2024 00:00:00,D07 - ruelle V53-V58,Entree ruelle V53 - V58,Barrière à sens unique,poids lourd,0
03/06/2024 00:00:00,D07 - ruelle V53-V58,Entree ruelle V53 - V58,Barrière à sens unique,bus,0
03/06/2024 00:00:00,D07 - ruelle V53-V58,Entree ruelle V53 - V58,Barrière à sens unique,vélo,0
03/06/2024 00:00:00,D07 - ruelle V53-V58,Entree ruelle V53 - V58,Barrière à sens unique,personne,54
03/05/2024 00:00:00,D07 - ruelle V53-V58,Entree ruelle V53 - V58,Barrière à sens unique,moto,0
03/05/2024 00:00:00,D07 - ruelle V53-V58,Entree ruelle V53 - V58,Barrière à sens unique,véhicule léger,9
03/05/2024 00:00:00,D07 - ruelle V53-V58,Entree ruelle V53 - V58,Barrière à sens unique,véhicule intermédiaire,0
03/05/2024 00:00:00,D07 - ruelle V53-V58,Entree ruelle V53 - V58,Barrière à sens unique,poids lourd,0
03/05/2024 00:00:00,D07 - ruelle V53-V58,Entree ruelle V53 - V58,Barrière à sens unique,bus,0
03/05/2024 00:00:00,D07 - ruelle V53-V58,Entree ruelle V53 - V58,Barrière à sens unique,vélo,0
03/05/2024 00:00:00,D07 - ruelle V53-V58,Entree ruelle V53 - V58,Barrière à sens unique,personne,19
02/06/2024 00:00:00,D07 - ruelle V53-V58,Entree ruelle V53 - V58,Barrière à sens unique,moto,0
02/06/2024 00:00:00,D07 - ruelle V53-V58,Entree ruelle V53 - V58,Barrière à sens unique,véhicule léger,19
02/06/2024 00:00:00,D07 - ruelle V53-V58,Entree ruelle V53 - V58,Barrière à sens unique,véhicule intermédiaire,0
02/06/2024 00:00:00,D07 - ruelle V53-V58,Entree ruelle V53 - V58,Barrière à sens unique,poids lourd,0
02/06/2024 00:00:00,D07 - ruelle V53-V58,Entree ruelle V53 - V58,Barrière à sens unique,bus,0
02/06/2024 00:00:00,D07 - ruelle V53-V58,Entree ruelle V53 - V58,Barrière à sens unique,vélo,0
02/06/2024 00:00:00,D07 - ruelle V53-V58,Entree ruelle V53 - V58,Barrière à sens unique,personne,21
01/06/2024 00:00:00,D07 - ruelle V53-V58,Entree ruelle V53 - V58,Barrière à sens unique,moto,0
01/06/2024 00:00:00,D07 - ruelle V53-V58,Entree ruelle V53 - V58,Barrière à sens unique,véhicule léger,21
01/06/2024 00:00:00,D07 - ruelle V53-V58,Entree ruelle V53 - V58,Barrière à sens unique,véhicule intermédiaire,0
01/06/2024 00:00:00,D07 - ruelle V53-V58,Entree ruelle V53 - V58,Barrière à sens unique,poids lourd,0
01/06/2024 00:00:00,D07 - ruelle V53-V58,Entree ruelle V53 - V58,Barrière à sens unique,bus,0
01/06/2024 00:00:00,D07 - ruelle V53-V58,Entree ruelle V53 - V58,Barrière à sens unique,vélo,0
01/06/2024 00:00:00,D07 - ruelle V53-V58,Entree ruelle V53 - V58,Barrière à sens unique,personne,35
12/02/2024 00:00:00,D07 - ZONE VIP,Vers sponsors,Barrière à sens unique,personne,72
11/02/2024 00:00:00,D07 - ZONE VIP,Vers sponsors,Barrière à sens unique,personne,110
10/02/2024 00:00:00,D07 - ZONE VIP,Vers sponsors,Barrière à sens unique,personne,213
09/02/2024 00:00:00,D07 - ZONE VIP,Vers sponsors,Barrière à sens unique,personne,149
08/02/2024 00:00:00,D07 - ZONE VIP,Vers sponsors,Barrière à sens unique,personne,236
07/02/2024 00:00:00,D07 - ZONE VIP,Vers sponsors,Barrière à sens unique,personne,827
06/02/2024 00:00:00,D07 - ZONE VIP,Vers sponsors,Barrière à sens unique,personne,149
05/02/2024 00:00:00,D07 - ZONE VIP,Vers sponsors,Barrière à sens unique,personne,190
04/02/2024 00:00:00,D07 - ZONE VIP,Vers sponsors,Barrière à sens unique,personne,92
03/02/2024 00:00:00,D07 - ZONE VIP,Vers sponsors,Barrière à sens unique,personne,1599
02/02/2024 00:00:00,D07 - ZONE VIP,Vers sponsors,Barrière à sens unique,personne,353
12/02/2024 00:00:00,D07 - ZONE VIP,Vers pc securite,Barrière à sens unique,personne,56
11/02/2024 00:00:00,D07 - ZONE VIP,Vers pc securite,Barrière à sens unique,personne,48
10/02/2024 00:00:00,D07 - ZONE VIP,Vers pc securite,Barrière à sens unique,personne,116
09/02/2024 00:00:00,D07 - ZONE VIP,Vers pc securite,Barrière à sens unique,personne,67
08/02/2024 00:00:00,D07 - ZONE VIP,Vers pc securite,Barrière à sens unique,personne,186
07/02/2024 00:00:00,D07 - ZONE VIP,Vers pc securite,Barrière à sens unique,personne,457
06/02/2024 00:00:00,D07 - ZONE VIP,Vers pc securite,Barrière à sens unique,personne,121
05/02/2024 00:00:00,D07 - ZONE VIP,Vers pc securite,Barrière à sens unique,personne,91
04/02/2024 00:00:00,D07 - ZONE VIP,Vers pc securite,Barrière à sens unique,personne,90
03/02/2024 00:00:00,D07 - ZONE VIP,Vers pc securite,Barrière à sens unique,personne,984
02/02/2024 00:00:00,D07 - ZONE VIP,Vers pc securite,Barrière à sens unique,personne,149
31/05/2024 00:00:00,D07 - ruelle V53-V58,Sortie ruelleV53 - V58,Barrière à sens unique,moto,0
31/05/2024 00:00:00,D07 - ruelle V53-V58,Sortie ruelleV53 - V58,Barrière à sens unique,véhicule léger,11
31/05/2024 00:00:00,D07 - ruelle V53-V58,Sortie ruelleV53 - V58,Barrière à sens unique,véhicule intermédiaire,0
31/05/2024 00:00:00,D07 - ruelle V53-V58,Sortie ruelleV53 - V58,Barrière à sens unique,poids lourd,0
31/05/2024 00:00:00,D07 - ruelle V53-V58,Sortie ruelleV53 - V58,Barrière à sens unique,bus,0
31/05/2024 00:00:00,D07 - ruelle V53-V58,Sortie ruelleV53 - V58,Barrière à sens unique,vélo,1
31/05/2024 00:00:00,D07 - ruelle V53-V58,Sortie ruelleV53 - V58,Barrière à sens unique,personne,63
30/05/2024 00:00:00,D07 - ruelle V53-V58,Sortie ruelleV53 - V58,Barrière à sens unique,moto,0
30/05/2024 00:00:00,D07 - ruelle V53-V58,Sortie ruelleV53 - V58,Barrière à sens unique,véhicule léger,30
30/05/2024 00:00:00,D07 - ruelle V53-V58,Sortie ruelleV53 - V58,Barrière à sens unique,véhicule intermédiaire,0
30/05/2024 00:00:00,D07 - ruelle V53-V58,Sortie ruelleV53 - V58,Barrière à sens unique,poids lourd,0
30/05/2024 00:00:00,D07 - ruelle V53-V58,Sortie ruelleV53 - V58,Barrière à sens unique,bus,0
30/05/2024 00:00:00,D07 - ruelle V53-V58,Sortie ruelleV53 - V58,Barrière à sens unique,vélo,0
30/05/2024 00:00:00,D07 - ruelle V53-V58,Sortie ruelleV53 - V58,Barrière à sens unique,personne,51
29/05/2024 00:00:00,D07 - ruelle V53-V58,Sortie ruelleV53 - V58,Barrière à sens unique,moto,0
29/05/2024 00:00:00,D07 - ruelle V53-V58,Sortie ruelleV53 - V58,Barrière à sens unique,véhicule léger,10
29/05/2024 00:00:00,D07 - ruelle V53-V58,Sortie ruelleV53 - V58,Barrière à sens unique,véhicule intermédiaire,0
29/05/2024 00:00:00,D07 - ruelle V53-V58,Sortie ruelleV53 - V58,Barrière à sens unique,poids lourd,0
29/05/2024 00:00:00,D07 - ruelle V53-V58,Sortie ruelleV53 - V58,Barrière à sens unique,bus,0
29/05/2024 00:00:00,D07 - ruelle V53-V58,Sortie ruelleV53 - V58,Barrière à sens unique,vélo,0
29/05/2024 00:00:00,D07 - ruelle V53-V58,Sortie ruelleV53 - V58,Barrière à sens unique,personne,34
28/05/2024 00:00:00,D07 - ruelle V53-V58,Sortie ruelleV53 - V58,Barrière à sens unique,moto,0
28/05/2024 00:00:00,D07 - ruelle V53-V58,Sortie ruelleV53 - V58,Barrière à sens unique,véhicule léger,26
28/05/2024 00:00:00,D07 - ruelle V53-V58,Sortie ruelleV53 - V58,Barrière à sens unique,véhicule intermédiaire,0
28/05/2024 00:00:00,D07 - ruelle V53-V58,Sortie ruelleV53 - V58,Barrière à sens unique,poids lourd,0
28/05/2024 00:00:00,D07 - ruelle V53-V58,Sortie ruelleV53 - V58,Barrière à sens unique,bus,0
28/05/2024 00:00:00,D07 - ruelle V53-V58,Sortie ruelleV53 - V58,Barrière à sens unique,vélo,0
28/05/2024 00:00:00,D07 - ruelle V53-V58,Sortie ruelleV53 - V58,Barrière à sens unique,personne,53
27/05/2024 00:00:00,D07 - ruelle V53-V58,Sortie ruelleV53 - V58,Barrière à sens unique,moto,0
27/05/2024 00:00:00,D07 - ruelle V53-V58,Sortie ruelleV53 - V58,Barrière à sens unique,véhicule léger,21
27/05/2024 00:00:00,D07 - ruelle V53-V58,Sortie ruelleV53 - V58,Barrière à sens unique,véhicule intermédiaire,0
27/05/2024 00:00:00,D07 - ruelle V53-V58,Sortie ruelleV53 - V58,Barrière à sens unique,poids lourd,0
27/05/2024 00:00:00,D07 - ruelle V53-V58,Sortie ruelleV53 - V58,Barrière à sens unique,bus,0
27/05/2024 00:00:00,D07 - ruelle V53-V58,Sortie ruelleV53 - V58,Barrière à sens unique,vélo,0
27/05/2024 00:00:00,D07 - ruelle V53-V58,Sortie ruelleV53 - V58,Barrière à sens unique,personne,44
26/05/2024 00:00:00,D07 - ruelle V53-V58,Sortie ruelleV53 - V58,Barrière à sens unique,moto,0
26/05/2024 00:00:00,D07 - ruelle V53-V58,Sortie ruelleV53 - V58,Barrière à sens unique,véhicule léger,18
26/05/2024 00:00:00,D07 - ruelle V53-V58,Sortie ruelleV53 - V58,Barrière à sens unique,véhicule intermédiaire,0
26/05/2024 00:00:00,D07 - ruelle V53-V58,Sortie ruelleV53 - V58,Barrière à sens unique,poids lourd,0
26/05/2024 00:00:00,D07 - ruelle V53-V58,Sortie ruelleV53 - V58,Barrière à sens unique,bus,0
26/05/2024 00:00:00,D07 - ruelle V53-V58,Sortie ruelleV53 - V58,Barrière à sens unique,vélo,0
26/05/2024 00:00:00,D07 - ruelle V53-V58,Sortie ruelleV53 - V58,Barrière à sens unique,personne,32
25/06/2024 00:00:00,D07 - ruelle V53-V58,Sortie ruelleV53 - V58,Barrière à sens unique,moto,0
25/06/2024 00:00:00,D07 - ruelle V53-V58,Sortie ruelleV53 - V58,Barrière à sens unique,véhicule léger,2
25/06/2024 00:00:00,D07 - ruelle V53-V58,Sortie ruelleV53 - V58,Barrière à sens unique,véhicule intermédiaire,0
25/06/2024 00:00:00,D07 - ruelle V53-V58,Sortie ruelleV53 - V58,Barrière à sens unique,poids lourd,0
25/06/2024 00:00:00,D07 - ruelle V53-V58,Sortie ruelleV53 - V58,Barrière à sens unique,bus,0
25/06/2024 00:00:00,D07 - ruelle V53-V58,Sortie ruelleV53 - V58,Barrière à sens unique,vélo,0
25/06/2024 00:00:00,D07 - ruelle V53-V58,Sortie ruelleV53 - V58,Barrière à sens unique,personne,22
25/05/2024 00:00:00,D07 - ruelle V53-V58,Sortie ruelleV53 - V58,Barrière à sens unique,moto,0
25/05/2024 00:00:00,D07 - ruelle V53-V58,Sortie ruelleV53 - V58,Barrière à sens unique,véhicule léger,18
25/05/2024 00:00:00,D07 - ruelle V53-V58,Sortie ruelleV53 - V58,Barrière à sens unique,véhicule intermédiaire,0
25/05/2024 00:00:00,D07 - ruelle V53-V58,Sortie ruelleV53 - V58,Barrière à sens unique,poids lourd,0
25/05/2024 00:00:00,D07 - ruelle V53-V58,Sortie ruelleV53 - V58,Barrière à sens unique,bus,0
25/05/2024 00:00:00,D07 - ruelle V53-V58,Sortie ruelleV53 - V58,Barrière à sens unique,vélo,0
25/05/2024 00:00:00,D07 - ruelle V53-V58,Sortie ruelleV53 - V58,Barrière à sens unique,personne,37
24/06/2024 00:00:00,D07 - ruelle V53-V58,Sortie ruelleV53 - V58,Barrière à sens unique,moto,0
24/06/2024 00:00:00,D07 - ruelle V53-V58,Sortie ruelleV53 - V58,Barrière à sens unique,véhicule léger,1
24/06/2024 00:00:00,D07 - ruelle V53-V58,Sortie ruelleV53 - V58,Barrière à sens unique,véhicule intermédiaire,0
24/06/2024 00:00:00,D07 - ruelle V53-V58,Sortie ruelleV53 - V58,Barrière à sens unique,poids lourd,0
24/06/2024 00:00:00,D07 - ruelle V53-V58,Sortie ruelleV53 - V58,Barrière à sens unique,bus,0
24/06/2024 00:00:00,D07 - ruelle V53-V58,Sortie ruelleV53 - V58,Barrière à sens unique,vélo,0
24/06/2024 00:00:00,D07 - ruelle V53-V58,Sortie ruelleV53 - V58,Barrière à sens unique,personne,3
24/05/2024 00:00:00,D07 - ruelle V53-V58,Sortie ruelleV53 - V58,Barrière à sens unique,moto,0
24/05/2024 00:00:00,D07 - ruelle V53-V58,Sortie ruelleV53 - V58,Barrière à sens unique,véhicule léger,23
24/05/2024 00:00:00,D07 - ruelle V53-V58,Sortie ruelleV53 - V58,Barrière à sens unique,véhicule intermédiaire,0
24/05/2024 00:00:00,D07 - ruelle V53-V58,Sortie ruelleV53 - V58,Barrière à sens unique,poids lourd,0
24/05/2024 00:00:00,D07 - ruelle V53-V58,Sortie ruelleV53 - V58,Barrière à sens unique,bus,0
24/05/2024 00:00:00,D07 - ruelle V53-V58,Sortie ruelleV53 - V58,Barrière à sens unique,vélo,0
24/05/2024 00:00:00,D07 - ruelle V53-V58,Sortie ruelleV53 - V58,Barrière à sens unique,personne,74
23/06/2024 00:00:00,D07 - ruelle V53-V58,Sortie ruelleV53 - V58,Barrière à sens unique,moto,0
23/06/2024 00:00:00,D07 - ruelle V53-V58,Sortie ruelleV53 - V58,Barrière à sens unique,véhicule léger,16
23/06/2024 00:00:00,D07 - ruelle V53-V58,Sortie ruelleV53 - V58,Barrière à sens unique,véhicule intermédiaire,0
23/06/2024 00:00:00,D07 - ruelle V53-V58,Sortie ruelleV53 - V58,Barrière à sens unique,poids lourd,0
23/06/2024 00:00:00,D07 - ruelle V53-V58,Sortie ruelleV53 - V58,Barrière à sens unique,bus,0
23/06/2024 00:00:00,D07 - ruelle V53-V58,Sortie ruelleV53 - V58,Barrière à sens unique,vélo,0
23/06/2024 00:00:00,D07 - ruelle V53-V58,Sortie ruelleV53 - V58,Barrière à sens unique,personne,43
23/05/2024 00:00:00,D07 - ruelle V53-V58,Sortie ruelleV53 - V58,Barrière à sens unique,moto,0
23/05/2024 00:00:00,D07 - ruelle V53-V58,Sortie ruelleV53 - V58,Barrière à sens unique,véhicule léger,19
23/05/2024 00:00:00,D07 - ruelle V53-V58,Sortie ruelleV53 - V58,Barrière à sens unique,véhicule intermédiaire,0
23/05/2024 00:00:00,D07 - ruelle V53-V58,Sortie ruelleV53 - V58,Barrière à sens unique,poids lourd,0
23/05/2024 00:00:00,D07 - ruelle V53-V58,Sortie ruelleV53 - V58,Barrière à sens unique,bus,0
23/05/2024 00:00:00,D07 - ruelle V53-V58,Sortie ruelleV53 - V58,Barrière à sens unique,vélo,0
23/05/2024 00:00:00,D07 - ruelle V53-V58,Sortie ruelleV53 - V58,Barrière à sens unique,personne,54
22/05/2024 00:00:00,D07 - ruelle V53-V58,Sortie ruelleV53 - V58,Barrière à sens unique,moto,0
22/05/2024 00:00:00,D07 - ruelle V53-V58,Sortie ruelleV53 - V58,Barrière à sens unique,véhicule léger,23
22/05/2024 00:00:00,D07 - ruelle V53-V58,Sortie ruelleV53 - V58,Barrière à sens unique,véhicule intermédiaire,0
22/05/2024 00:00:00,D07 - ruelle V53-V58,Sortie ruelleV53 - V58,Barrière à sens unique,poids lourd,0
22/05/2024 00:00:00,D07 - ruelle V53-V58,Sortie ruelleV53 - V58,Barrière à sens unique,bus,0
22/05/2024 00:00:00,D07 - ruelle V53-V58,Sortie ruelleV53 - V58,Barrière à sens unique,vélo,0
22/05/2024 00:00:00,D07 - ruelle V53-V58,Sortie ruelleV53 - V58,Barrière à sens unique,personne,34
21/05/2024 00:00:00,D07 - ruelle V53-V58,Sortie ruelleV53 - V58,Barrière à sens unique,moto,0
21/05/2024 00:00:00,D07 - ruelle V53-V58,Sortie ruelleV53 - V58,Barrière à sens unique,véhicule léger,19
21/05/2024 00:00:00,D07 - ruelle V53-V58,Sortie ruelleV53 - V58,Barrière à sens unique,véhicule intermédiaire,0
21/05/2024 00:00:00,D07 - ruelle V53-V58,Sortie ruelleV53 - V58,Barrière à sens unique,poids lourd,0
21/05/2024 00:00:00,D07 - ruelle V53-V58,Sortie ruelleV53 - V58,Barrière à sens unique,bus,0
21/05/2024 00:00:00,D07 - ruelle V53-V58,Sortie ruelleV53 - V58,Barrière à sens unique,vélo,0
21/05/2024 00:00:00,D07 - ruelle V53-V58,Sortie ruelleV53 - V58,Barrière à sens unique,personne,47
20/06/2024 00:00:00,D07 - ruelle V53-V58,Sortie ruelleV53 - V58,Barrière à sens unique,moto,0
20/06/2024 00:00:00,D07 - ruelle V53-V58,Sortie ruelleV53 - V58,Barrière à sens unique,véhicule léger,16
20/06/2024 00:00:00,D07 - ruelle V53-V58,Sortie ruelleV53 - V58,Barrière à sens unique,véhicule intermédiaire,0
20/06/2024 00:00:00,D07 - ruelle V53-V58,Sortie ruelleV53 - V58,Barrière à sens unique,poids lourd,0
20/06/2024 00:00:00,D07 - ruelle V53-V58,Sortie ruelleV53 - V58,Barrière à sens unique,bus,0
20/06/2024 00:00:00,D07 - ruelle V53-V58,Sortie ruelleV53 - V58,Barrière à sens unique,vélo,0
20/06/2024 00:00:00,D07 - ruelle V53-V58,Sortie ruelleV53 - V58,Barrière à sens unique,personne,18
20/05/2024 00:00:00,D07 - ruelle V53-V58,Sortie ruelleV53 - V58,Barrière à sens unique,moto,0
20/05/2024 00:00:00,D07 - ruelle V53-V58,Sortie ruelleV53 - V58,Barrière à sens unique,véhicule léger,12
20/05/2024 00:00:00,D07 - ruelle V53-V58,Sortie ruelleV53 - V58,Barrière à sens unique,véhicule intermédiaire,0
20/05/2024 00:00:00,D07 - ruelle V53-V58,Sortie ruelleV53 - V58,Barrière à sens unique,poids lourd,0
20/05/2024 00:00:00,D07 - ruelle V53-V58,Sortie ruelleV53 - V58,Barrière à sens unique,bus,0
20/05/2024 00:00:00,D07 - ruelle V53-V58,Sortie ruelleV53 - V58,Barrière à sens unique,vélo,0
20/05/2024 00:00:00,D07 - ruelle V53-V58,Sortie ruelleV53 - V58,Barrière à sens unique,personne,37
19/06/2024 00:00:00,D07 - ruelle V53-V58,Sortie ruelleV53 - V58,Barrière à sens unique,moto,0
19/06/2024 00:00:00,D07 - ruelle V53-V58,Sortie ruelleV53 - V58,Barrière à sens unique,véhicule léger,22
19/06/2024 00:00:00,D07 - ruelle V53-V58,Sortie ruelleV53 - V58,Barrière à sens unique,véhicule intermédiaire,0
19/06/2024 00:00:00,D07 - ruelle V53-V58,Sortie ruelleV53 - V58,Barrière à sens unique,poids lourd,0
19/06/2024 00:00:00,D07 - ruelle V53-V58,Sortie ruelleV53 - V58,Barrière à sens unique,bus,0
19/06/2024 00:00:00,D07 - ruelle V53-V58,Sortie ruelleV53 - V58,Barrière à sens unique,vélo,0
19/06/2024 00:00:00,D07 - ruelle V53-V58,Sortie ruelleV53 - V58,Barrière à sens unique,personne,30
19/05/2024 00:00:00,D07 - ruelle V53-V58,Sortie ruelleV53 - V58,Barrière à sens unique,moto,0
19/05/2024 00:00:00,D07 - ruelle V53-V58,Sortie ruelleV53 - V58,Barrière à sens unique,véhicule léger,15
19/05/2024 00:00:00,D07 - ruelle V53-V58,Sortie ruelleV53 - V58,Barrière à sens unique,véhicule intermédiaire,0
19/05/2024 00:00:00,D07 - ruelle V53-V58,Sortie ruelleV53 - V58,Barrière à sens unique,poids lourd,0
19/05/2024 00:00:00,D07 - ruelle V53-V58,Sortie ruelleV53 - V58,Barrière à sens unique,bus,0
19/05/2024 00:00:00,D07 - ruelle V53-V58,Sortie ruelleV53 - V58,Barrière à sens unique,vélo,0
19/05/2024 00:00:00,D07 - ruelle V53-V58,Sortie ruelleV53 - V58,Barrière à sens unique,personne,32
18/06/2024 00:00:00,D07 - ruelle V53-V58,Sortie ruelleV53 - V58,Barrière à sens unique,moto,0
18/06/2024 00:00:00,D07 - ruelle V53-V58,Sortie ruelleV53 - V58,Barrière à sens unique,véhicule léger,16
18/06/2024 00:00:00,D07 - ruelle V53-V58,Sortie ruelleV53 - V58,Barrière à sens unique,véhicule intermédiaire,0
18/06/2024 00:00:00,D07 - ruelle V53-V58,Sortie ruelleV53 - V58,Barrière à sens unique,poids lourd,0
18/06/2024 00:00:00,D07 - ruelle V53-V58,Sortie ruelleV53 - V58,Barrière à sens unique,bus,0
18/06/2024 00:00:00,D07 - ruelle V53-V58,Sortie ruelleV53 - V58,Barrière à sens unique,vélo,0
18/06/2024 00:00:00,D07 - ruelle V53-V58,Sortie ruelleV53 - V58,Barrière à sens unique,personne,45
18/05/2024 00:00:00,D07 - ruelle V53-V58,Sortie ruelleV53 - V58,Barrière à sens unique,moto,0
18/05/2024 00:00:00,D07 - ruelle V53-V58,Sortie ruelleV53 - V58,Barrière à sens unique,véhicule léger,19
18/05/2024 00:00:00,D07 - ruelle V53-V58,Sortie ruelleV53 - V58,Barrière à sens unique,véhicule intermédiaire,0
18/05/2024 00:00:00,D07 - ruelle V53-V58,Sortie ruelleV53 - V58,Barrière à sens unique,poids lourd,0
18/05/2024 00:00:00,D07 - ruelle V53-V58,Sortie ruelleV53 - V58,Barrière à sens unique,bus,0
18/05/2024 00:00:00,D07 - ruelle V53-V58,Sortie ruelleV53 - V58,Barrière à sens unique,vélo,0
18/05/2024 00:00:00,D07 - ruelle V53-V58,Sortie ruelleV53 - V58,Barrière à sens unique,personne,34
17/06/2024 00:00:00,D07 - ruelle V53-V58,Sortie ruelleV53 - V58,Barrière à sens unique,moto,0
17/06/2024 00:00:00,D07 - ruelle V53-V58,Sortie ruelleV53 - V58,Barrière à sens unique,véhicule léger,15
17/06/2024 00:00:00,D07 - ruelle V53-V58,Sortie ruelleV53 - V58,Barrière à sens unique,véhicule intermédiaire,0
17/06/2024 00:00:00,D07 - ruelle V53-V58,Sortie ruelleV53 - V58,Barrière à sens unique,poids lourd,0
17/06/2024 00:00:00,D07 - ruelle V53-V58,Sortie ruelleV53 - V58,Barrière à sens unique,bus,0
17/06/2024 00:00:00,D07 - ruelle V53-V58,Sortie ruelleV53 - V58,Barrière à sens unique,vélo,0
17/06/2024 00:00:00,D07 - ruelle V53-V58,Sortie ruelleV53 - V58,Barrière à sens unique,personne,61
17/05/2024 00:00:00,D07 - ruelle V53-V58,Sortie ruelleV53 - V58,Barrière à sens unique,moto,0
17/05/2024 00:00:00,D07 - ruelle V53-V58,Sortie ruelleV53 - V58,Barrière à sens unique,véhicule léger,22
17/05/2024 00:00:00,D07 - ruelle V53-V58,Sortie ruelleV53 - V58,Barrière à sens unique,véhicule intermédiaire,0
17/05/2024 00:00:00,D07 - ruelle V53-V58,Sortie ruelleV53 - V58,Barrière à sens unique,poids lourd,0
17/05/2024 00:00:00,D07 - ruelle V53-V58,Sortie ruelleV53 - V58,Barrière à sens unique,bus,0
17/05/2024 00:00:00,D07 - ruelle V53-V58,Sortie ruelleV53 - V58,Barrière à sens unique,vélo,0
17/05/2024 00:00:00,D07 - ruelle V53-V58,Sortie ruelleV53 - V58,Barrière à sens unique,personne,54
16/06/2024 00:00:00,D07 - ruelle V53-V58,Sortie ruelleV53 - V58,Barrière à sens unique,moto,0
16/06/2024 00:00:00,D07 - ruelle V53-V58,Sortie ruelleV53 - V58,Barrière à sens unique,véhicule léger,10
16/06/2024 00:00:00,D07 - ruelle V53-V58,Sortie ruelleV53 - V58,Barrière à sens unique,véhicule intermédiaire,0
16/06/2024 00:00:00,D07 - ruelle V53-V58,Sortie ruelleV53 - V58,Barrière à sens unique,poids lourd,0
16/06/2024 00:00:00,D07 - ruelle V53-V58,Sortie ruelleV53 - V58,Barrière à sens unique,bus,0
16/06/2024 00:00:00,D07 - ruelle V53-V58,Sortie ruelleV53 - V58,Barrière à sens unique,vélo,0
16/06/2024 00:00:00,D07 - ruelle V53-V58,Sortie ruelleV53 - V58,Barrière à sens unique,personne,23
16/05/2024 00:00:00,D07 - ruelle V53-V58,Sortie ruelleV53 - V58,Barrière à sens unique,moto,0
16/05/2024 00:00:00,D07 - ruelle V53-V58,Sortie ruelleV53 - V58,Barrière à sens unique,véhicule léger,22
16/05/2024 00:00:00,D07 - ruelle V53-V58,Sortie ruelleV53 - V58,Barrière à sens unique,véhicule intermédiaire,0
16/05/2024 00:00:00,D07 - ruelle V53-V58,Sortie ruelleV53 - V58,Barrière à sens unique,poids lourd,0
16/05/2024 00:00:00,D07 - ruelle V53-V58,Sortie ruelleV53 - V58,Barrière à sens unique,bus,0
16/05/2024 00:00:00,D07 - ruelle V53-V58,Sortie ruelleV53 - V58,Barrière à sens unique,vélo,0
16/05/2024 00:00:00,D07 - ruelle V53-V58,Sortie ruelleV53 - V58,Barrière à sens unique,personne,65
15/06/2024 00:00:00,D07 - ruelle V53-V58,Sortie ruelleV53 - V58,Barrière à sens unique,moto,0
15/06/2024 00:00:00,D07 - ruelle V53-V58,Sortie ruelleV53 - V58,Barrière à sens unique,véhicule léger,24
15/06/2024 00:00:00,D07 - ruelle V53-V58,Sortie ruelleV53 - V58,Barrière à sens unique,véhicule intermédiaire,0
15/06/2024 00:00:00,D07 - ruelle V53-V58,Sortie ruelleV53 - V58,Barrière à sens unique,poids lourd,0
15/06/2024 00:00:00,D07 - ruelle V53-V58,Sortie ruelleV53 - V58,Barrière à sens unique,bus,0
15/06/2024 00:00:00,D07 - ruelle V53-V58,Sortie ruelleV53 - V58,Barrière à sens unique,vélo,0
15/06/2024 00:00:00,D07 - ruelle V53-V58,Sortie ruelleV53 - V58,Barrière à sens unique,personne,40
15/05/2024 00:00:00,D07 - ruelle V53-V58,Sortie ruelleV53 - V58,Barrière à sens unique,moto,0
15/05/2024 00:00:00,D07 - ruelle V53-V58,Sortie ruelleV53 - V58,Barrière à sens unique,véhicule léger,24
15/05/2024 00:00:00,D07 - ruelle V53-V58,Sortie ruelleV53 - V58,Barrière à sens unique,véhicule intermédiaire,0
15/05/2024 00:00:00,D07 - ruelle V53-V58,Sortie ruelleV53 - V58,Barrière à sens unique,poids lourd,0
15/05/2024 00:00:00,D07 - ruelle V53-V58,Sortie ruelleV53 - V58,Barrière à sens unique,bus,0
15/05/2024 00:00:00,D07 - ruelle V53-V58,Sortie ruelleV53 - V58,Barrière à sens unique,vélo,0
15/05/2024 00:00:00,D07 - ruelle V53-V58,Sortie ruelleV53 - V58,Barrière à sens unique,personne,46
14/06/2024 00:00:00,D07 - ruelle V53-V58,Sortie ruelleV53 - V58,Barrière à sens unique,moto,0
14/06/2024 00:00:00,D07 - ruelle V53-V58,Sortie ruelleV53 - V58,Barrière à sens unique,véhicule léger,7
14/06/2024 00:00:00,D07 - ruelle V53-V58,Sortie ruelleV53 - V58,Barrière à sens unique,véhicule intermédiaire,0
14/06/2024 00:00:00,D07 - ruelle V53-V58,Sortie ruelleV53 - V58,Barrière à sens unique,poids lourd,0
14/06/2024 00:00:00,D07 - ruelle V53-V58,Sortie ruelleV53 - V58,Barrière à sens unique,bus,0
14/06/2024 00:00:00,D07 - ruelle V53-V58,Sortie ruelleV53 - V58,Barrière à sens unique,vélo,0
14/06/2024 00:00:00,D07 - ruelle V53-V58,Sortie ruelleV53 - V58,Barrière à sens unique,personne,30
14/05/2024 00:00:00,D07 - ruelle V53-V58,Sortie ruelleV53 - V58,Barrière à sens unique,moto,0
14/05/2024 00:00:00,D07 - ruelle V53-V58,Sortie ruelleV53 - V58,Barrière à sens unique,véhicule léger,25
14/05/2024 00:00:00,D07 - ruelle V53-V58,Sortie ruelleV53 - V58,Barrière à sens unique,véhicule intermédiaire,0
14/05/2024 00:00:00,D07 - ruelle V53-V58,Sortie ruelleV53 - V58,Barrière à sens unique,poids lourd,0
14/05/2024 00:00:00,D07 - ruelle V53-V58,Sortie ruelleV53 - V58,Barrière à sens unique,bus,0
14/05/2024 00:00:00,D07 - ruelle V53-V58,Sortie ruelleV53 - V58,Barrière à sens unique,vélo,0
14/05/2024 00:00:00,D07 - ruelle V53-V58,Sortie ruelleV53 - V58,Barrière à sens unique,personne,71
13/06/2024 00:00:00,D07 - ruelle V53-V58,Sortie ruelleV53 - V58,Barrière à sens unique,moto,0
13/06/2024 00:00:00,D07 - ruelle V53-V58,Sortie ruelleV53 - V58,Barrière à sens unique,véhicule léger,16
13/06/2024 00:00:00,D07 - ruelle V53-V58,Sortie ruelleV53 - V58,Barrière à sens unique,véhicule intermédiaire,0
13/06/2024 00:00:00,D07 - ruelle V53-V58,Sortie ruelleV53 - V58,Barrière à sens unique,poids lourd,0
13/06/2024 00:00:00,D07 - ruelle V53-V58,Sortie ruelleV53 - V58,Barrière à sens unique,bus,0
13/06/2024 00:00:00,D07 - ruelle V53-V58,Sortie ruelleV53 - V58,Barrière à sens unique,vélo,0
13/06/2024 00:00:00,D07 - ruelle V53-V58,Sortie ruelleV53 - V58,Barrière à sens unique,personne,34
13/05/2024 00:00:00,D07 - ruelle V53-V58,Sortie ruelleV53 - V58,Barrière à sens unique,moto,0
13/05/2024 00:00:00,D07 - ruelle V53-V58,Sortie ruelleV53 - V58,Barrière à sens unique,véhicule léger,24
13/05/2024 00:00:00,D07 - ruelle V53-V58,Sortie ruelleV53 - V58,Barrière à sens unique,véhicule intermédiaire,0
13/05/2024 00:00:00,D07 - ruelle V53-V58,Sortie ruelleV53 - V58,Barrière à sens unique,poids lourd,0
13/05/2024 00:00:00,D07 - ruelle V53-V58,Sortie ruelleV53 - V58,Barrière à sens unique,bus,0
13/05/2024 00:00:00,D07 - ruelle V53-V58,Sortie ruelleV53 - V58,Barrière à sens unique,vélo,0
13/05/2024 00:00:00,D07 - ruelle V53-V58,Sortie ruelleV53 - V58,Barrière à sens unique,personne,39
12/06/2024 00:00:00,D07 - ruelle V53-V58,Sortie ruelleV53 - V58,Barrière à sens unique,moto,0
12/06/2024 00:00:00,D07 - ruelle V53-V58,Sortie ruelleV53 - V58,Barrière à sens unique,véhicule léger,12
12/06/2024 00:00:00,D07 - ruelle V53-V58,Sortie ruelleV53 - V58,Barrière à sens unique,véhicule intermédiaire,0
12/06/2024 00:00:00,D07 - ruelle V53-V58,Sortie ruelleV53 - V58,Barrière à sens unique,poids lourd,0
12/06/2024 00:00:00,D07 - ruelle V53-V58,Sortie ruelleV53 - V58,Barrière à sens unique,bus,0
12/06/2024 00:00:00,D07 - ruelle V53-V58,Sortie ruelleV53 - V58,Barrière à sens unique,vélo,0
12/06/2024 00:00:00,D07 - ruelle V53-V58,Sortie ruelleV53 - V58,Barrière à sens unique,personne,36
12/05/2024 00:00:00,D07 - ruelle V53-V58,Sortie ruelleV53 - V58,Barrière à sens unique,moto,0
12/05/2024 00:00:00,D07 - ruelle V53-V58,Sortie ruelleV53 - V58,Barrière à sens unique,véhicule léger,23
12/05/2024 00:00:00,D07 - ruelle V53-V58,Sortie ruelleV53 - V58,Barrière à sens unique,véhicule intermédiaire,0
12/05/2024 00:00:00,D07 - ruelle V53-V58,Sortie ruelleV53 - V58,Barrière à sens unique,poids lourd,0
12/05/2024 00:00:00,D07 - ruelle V53-V58,Sortie ruelleV53 - V58,Barrière à sens unique,bus,0
12/05/2024 00:00:00,D07 - ruelle V53-V58,Sortie ruelleV53 - V58,Barrière à sens unique,vélo,0
12/05/2024 00:00:00,D07 - ruelle V53-V58,Sortie ruelleV53 - V58,Barrière à sens unique,personne,26
11/06/2024 00:00:00,D07 - ruelle V53-V58,Sortie ruelleV53 - V58,Barrière à sens unique,moto,0
11/06/2024 00:00:00,D07 - ruelle V53-V58,Sortie ruelleV53 - V58,Barrière à sens unique,véhicule léger,13
11/06/2024 00:00:00,D07 - ruelle V53-V58,Sortie ruelleV53 - V58,Barrière à sens unique,véhicule intermédiaire,0
11/06/2024 00:00:00,D07 - ruelle V53-V58,Sortie ruelleV53 - V58,Barrière à sens unique,poids lourd,0
11/06/2024 00:00:00,D07 - ruelle V53-V58,Sortie ruelleV53 - V58,Barrière à sens unique,bus,0
11/06/2024 00:00:00,D07 - ruelle V53-V58,Sortie ruelleV53 - V58,Barrière à sens unique,vélo,0
11/06/2024 00:00:00,D07 - ruelle V53-V58,Sortie ruelleV53 - V58,Barrière à sens unique,personne,33
11/05/2024 00:00:00,D07 - ruelle V53-V58,Sortie ruelleV53 - V58,Barrière à sens unique,moto,0
11/05/2024 00:00:00,D07 - ruelle V53-V58,Sortie ruelleV53 - V58,Barrière à sens unique,véhicule léger,35
11/05/2024 00:00:00,D07 - ruelle V53-V58,Sortie ruelleV53 - V58,Barrière à sens unique,véhicule intermédiaire,0
11/05/2024 00:00:00,D07 - ruelle V53-V58,Sortie ruelleV53 - V58,Barrière à sens unique,poids lourd,0
11/05/2024 00:00:00,D07 - ruelle V53-V58,Sortie ruelleV53 - V58,Barrière à sens unique,bus,0
11/05/2024 00:00:00,D07 - ruelle V53-V58,Sortie ruelleV53 - V58,Barrière à sens unique,vélo,0
11/05/2024 00:00:00,D07 - ruelle V53-V58,Sortie ruelleV53 - V58,Barrière à sens unique,personne,77
10/06/2024 00:00:00,D07 - ruelle V53-V58,Sortie ruelleV53 - V58,Barrière à sens unique,moto,0
10/06/2024 00:00:00,D07 - ruelle V53-V58,Sortie ruelleV53 - V58,Barrière à sens unique,véhicule léger,21
10/06/2024 00:00:00,D07 - ruelle V53-V58,Sortie ruelleV53 - V58,Barrière à sens unique,véhicule intermédiaire,0
10/06/2024 00:00:00,D07 - ruelle V53-V58,Sortie ruelleV53 - V58,Barrière à sens unique,poids lourd,0
10/06/2024 00:00:00,D07 - ruelle V53-V58,Sortie ruelleV53 - V58,Barrière à sens unique,bus,0
10/06/2024 00:00:00,D07 - ruelle V53-V58,Sortie ruelleV53 - V58,Barrière à sens unique,vélo,0
10/06/2024 00:00:00,D07 - ruelle V53-V58,Sortie ruelleV53 - V58,Barrière à sens unique,personne,39
10/05/2024 00:00:00,D07 - ruelle V53-V58,Sortie ruelleV53 - V58,Barrière à sens unique,moto,0
10/05/2024 00:00:00,D07 - ruelle V53-V58,Sortie ruelleV53 - V58,Barrière à sens unique,véhicule léger,28
10/05/2024 00:00:00,D07 - ruelle V53-V58,Sortie ruelleV53 - V58,Barrière à sens unique,véhicule intermédiaire,0
10/05/2024 00:00:00,D07 - ruelle V53-V58,Sortie ruelleV53 - V58,Barrière à sens unique,poids lourd,0
10/05/2024 00:00:00,D07 - ruelle V53-V58,Sortie ruelleV53 - V58,Barrière à sens unique,bus,0
10/05/2024 00:00:00,D07 - ruelle V53-V58,Sortie ruelleV53 - V58,Barrière à sens unique,vélo,0
10/05/2024 00:00:00,D07 - ruelle V53-V58,Sortie ruelleV53 - V58,Barrière à sens unique,personne,42
09/06/2024 00:00:00,D07 - ruelle V53-V58,Sortie ruelleV53 - V58,Barrière à sens unique,moto,0
09/06/2024 00:00:00,D07 - ruelle V53-V58,Sortie ruelleV53 - V58,Barrière à sens unique,véhicule léger,16
09/06/2024 00:00:00,D07 - ruelle V53-V58,Sortie ruelleV53 - V58,Barrière à sens unique,véhicule intermédiaire,0
09/06/2024 00:00:00,D07 - ruelle V53-V58,Sortie ruelleV53 - V58,Barrière à sens unique,poids lourd,0
09/06/2024 00:00:00,D07 - ruelle V53-V58,Sortie ruelleV53 - V58,Barrière à sens unique,bus,0
09/06/2024 00:00:00,D07 - ruelle V53-V58,Sortie ruelleV53 - V58,Barrière à sens unique,vélo,0
09/06/2024 00:00:00,D07 - ruelle V53-V58,Sortie ruelleV53 - V58,Barrière à sens unique,personne,17
09/05/2024 00:00:00,D07 - ruelle V53-V58,Sortie ruelleV53 - V58,Barrière à sens unique,moto,0
09/05/2024 00:00:00,D07 - ruelle V53-V58,Sortie ruelleV53 - V58,Barrière à sens unique,véhicule léger,20
09/05/2024 00:00:00,D07 - ruelle V53-V58,Sortie ruelleV53 - V58,Barrière à sens unique,véhicule intermédiaire,0
09/05/2024 00:00:00,D07 - ruelle V53-V58,Sortie ruelleV53 - V58,Barrière à sens unique,poids lourd,0
09/05/2024 00:00:00,D07 - ruelle V53-V58,Sortie ruelleV53 - V58,Barrière à sens unique,bus,0
09/05/2024 00:00:00,D07 - ruelle V53-V58,Sortie ruelleV53 - V58,Barrière à sens unique,vélo,0
09/05/2024 00:00:00,D07 - ruelle V53-V58,Sortie ruelleV53 - V58,Barrière à sens unique,personne,51
08/06/2024 00:00:00,D07 - ruelle V53-V58,Sortie ruelleV53 - V58,Barrière à sens unique,moto,0
08/06/2024 00:00:00,D07 - ruelle V53-V58,Sortie ruelleV53 - V58,Barrière à sens unique,véhicule léger,0
08/06/2024 00:00:00,D07 - ruelle V53-V58,Sortie ruelleV53 - V58,Barrière à sens unique,véhicule intermédiaire,0
08/06/2024 00:00:00,D07 - ruelle V53-V58,Sortie ruelleV53 - V58,Barrière à sens unique,poids lourd,0
08/06/2024 00:00:00,D07 - ruelle V53-V58,Sortie ruelleV53 - V58,Barrière à sens unique,bus,0
08/06/2024 00:00:00,D07 - ruelle V53-V58,Sortie ruelleV53 - V58,Barrière à sens unique,vélo,0
08/06/2024 00:00:00,D07 - ruelle V53-V58,Sortie ruelleV53 - V58,Barrière à sens unique,personne,0
08/05/2024 00:00:00,D07 - ruelle V53-V58,Sortie ruelleV53 - V58,Barrière à sens unique,moto,0
08/05/2024 00:00:00,D07 - ruelle V53-V58,Sortie ruelleV53 - V58,Barrière à sens unique,véhicule léger,26
08/05/2024 00:00:00,D07 - ruelle V53-V58,Sortie ruelleV53 - V58,Barrière à sens unique,véhicule intermédiaire,0
08/05/2024 00:00:00,D07 - ruelle V53-V58,Sortie ruelleV53 - V58,Barrière à sens unique,poids lourd,0
08/05/2024 00:00:00,D07 - ruelle V53-V58,Sortie ruelleV53 - V58,Barrière à sens unique,bus,0
08/05/2024 00:00:00,D07 - ruelle V53-V58,Sortie ruelleV53 - V58,Barrière à sens unique,vélo,0
08/05/2024 00:00:00,D07 - ruelle V53-V58,Sortie ruelleV53 - V58,Barrière à sens unique,personne,65
07/06/2024 00:00:00,D07 - ruelle V53-V58,Sortie ruelleV53 - V58,Barrière à sens unique,moto,0
07/06/2024 00:00:00,D07 - ruelle V53-V58,Sortie ruelleV53 - V58,Barrière à sens unique,véhicule léger,0
07/06/2024 00:00:00,D07 - ruelle V53-V58,Sortie ruelleV53 - V58,Barrière à sens unique,véhicule intermédiaire,0
07/06/2024 00:00:00,D07 - ruelle V53-V58,Sortie ruelleV53 - V58,Barrière à sens unique,poids lourd,0
07/06/2024 00:00:00,D07 - ruelle V53-V58,Sortie ruelleV53 - V58,Barrière à sens unique,bus,0
07/06/2024 00:00:00,D07 - ruelle V53-V58,Sortie ruelleV53 - V58,Barrière à sens unique,vélo,0
07/06/2024 00:00:00,D07 - ruelle V53-V58,Sortie ruelleV53 - V58,Barrière à sens unique,personne,0
07/05/2024 00:00:00,D07 - ruelle V53-V58,Sortie ruelleV53 - V58,Barrière à sens unique,moto,0
07/05/2024 00:00:00,D07 - ruelle V53-V58,Sortie ruelleV53 - V58,Barrière à sens unique,véhicule léger,17
07/05/2024 00:00:00,D07 - ruelle V53-V58,Sortie ruelleV53 - V58,Barrière à sens unique,véhicule intermédiaire,0
07/05/2024 00:00:00,D07 - ruelle V53-V58,Sortie ruelleV53 - V58,Barrière à sens unique,poids lourd,0
07/05/2024 00:00:00,D07 - ruelle V53-V58,Sortie ruelleV53 - V58,Barrière à sens unique,bus,0
07/05/2024 00:00:00,D07 - ruelle V53-V58,Sortie ruelleV53 - V58,Barrière à sens unique,vélo,0
07/05/2024 00:00:00,D07 - ruelle V53-V58,Sortie ruelleV53 - V58,Barrière à sens unique,personne,43
06/06/2024 00:00:00,D07 - ruelle V53-V58,Sortie ruelleV53 - V58,Barrière à sens unique,moto,0
06/06/2024 00:00:00,D07 - ruelle V53-V58,Sortie ruelleV53 - V58,Barrière à sens unique,véhicule léger,8
06/06/2024 00:00:00,D07 - ruelle V53-V58,Sortie ruelleV53 - V58,Barrière à sens unique,véhicule intermédiaire,0
06/06/2024 00:00:00,D07 - ruelle V53-V58,Sortie ruelleV53 - V58,Barrière à sens unique,poids lourd,0
06/06/2024 00:00:00,D07 - ruelle V53-V58,Sortie ruelleV53 - V58,Barrière à sens unique,bus,0
06/06/2024 00:00:00,D07 - ruelle V53-V58,Sortie ruelleV53 - V58,Barrière à sens unique,vélo,0
06/06/2024 00:00:00,D07 - ruelle V53-V58,Sortie ruelleV53 - V58,Barrière à sens unique,personne,10
06/05/2024 00:00:00,D07 - ruelle V53-V58,Sortie ruelleV53 - V58,Barrière à sens unique,moto,0
06/05/2024 00:00:00,D07 - ruelle V53-V58,Sortie ruelleV53 - V58,Barrière à sens unique,véhicule léger,26
06/05/2024 00:00:00,D07 - ruelle V53-V58,Sortie ruelleV53 - V58,Barrière à sens unique,véhicule intermédiaire,0
06/05/2024 00:00:00,D07 - ruelle V53-V58,Sortie ruelleV53 - V58,Barrière à sens unique,poids lourd,0
06/05/2024 00:00:00,D07 - ruelle V53-V58,Sortie ruelleV53 - V58,Barrière à sens unique,bus,0
06/05/2024 00:00:00,D07 - ruelle V53-V58,Sortie ruelleV53 - V58,Barrière à sens unique,vélo,0
06/05/2024 00:00:00,D07 - ruelle V53-V58,Sortie ruelleV53 - V58,Barrière à sens unique,personne,32
05/06/2024 00:00:00,D07 - ruelle V53-V58,Sortie ruelleV53 - V58,Barrière à sens unique,moto,0
05/06/2024 00:00:00,D07 - ruelle V53-V58,Sortie ruelleV53 - V58,Barrière à sens unique,véhicule léger,12
05/06/2024 00:00:00,D07 - ruelle V53-V58,Sortie ruelleV53 - V58,Barrière à sens unique,véhicule intermédiaire,0
05/06/2024 00:00:00,D07 - ruelle V53-V58,Sortie ruelleV53 - V58,Barrière à sens unique,poids lourd,0
05/06/2024 00:00:00,D07 - ruelle V53-V58,Sortie ruelleV53 - V58,Barrière à sens unique,bus,0
05/06/2024 00:00:00,D07 - ruelle V53-V58,Sortie ruelleV53 - V58,Barrière à sens unique,vélo,0
05/06/2024 00:00:00,D07 - ruelle V53-V58,Sortie ruelleV53 - V58,Barrière à sens unique,personne,51
05/05/2024 00:00:00,D07 - ruelle V53-V58,Sortie ruelleV53 - V58,Barrière à sens unique,moto,0
05/05/2024 00:00:00,D07 - ruelle V53-V58,Sortie ruelleV53 - V58,Barrière à sens unique,véhicule léger,26
05/05/2024 00:00:00,D07 - ruelle V53-V58,Sortie ruelleV53 - V58,Barrière à sens unique,véhicule intermédiaire,0
05/05/2024 00:00:00,D07 - ruelle V53-V58,Sortie ruelleV53 - V58,Barrière à sens unique,poids lourd,0
05/05/2024 00:00:00,D07 - ruelle V53-V58,Sortie ruelleV53 - V58,Barrière à sens unique,bus,0
05/05/2024 00:00:00,D07 - ruelle V53-V58,Sortie ruelleV53 - V58,Barrière à sens unique,vélo,0
05/05/2024 00:00:00,D07 - ruelle V53-V58,Sortie ruelleV53 - V58,Barrière à sens unique,personne,31
04/06/2024 00:00:00,D07 - ruelle V53-V58,Sortie ruelleV53 - V58,Barrière à sens unique,moto,0
04/06/2024 00:00:00,D07 - ruelle V53-V58,Sortie ruelleV53 - V58,Barrière à sens unique,véhicule léger,20
04/06/2024 00:00:00,D07 - ruelle V53-V58,Sortie ruelleV53 - V58,Barrière à sens unique,véhicule intermédiaire,0
04/06/2024 00:00:00,D07 - ruelle V53-V58,Sortie ruelleV53 - V58,Barrière à sens unique,poids lourd,0
04/06/2024 00:00:00,D07 - ruelle V53-V58,Sortie ruelleV53 - V58,Barrière à sens unique,bus,0
04/06/2024 00:00:00,D07 - ruelle V53-V58,Sortie ruelleV53 - V58,Barrière à sens unique,vélo,0
04/06/2024 00:00:00,D07 - ruelle V53-V58,Sortie ruelleV53 - V58,Barrière à sens unique,personne,48
04/05/2024 00:00:00,D07 - ruelle V53-V58,Sortie ruelleV53 - V58,Barrière à sens unique,moto,0
04/05/2024 00:00:00,D07 - ruelle V53-V58,Sortie ruelleV53 - V58,Barrière à sens unique,véhicule léger,19
04/05/2024 00:00:00,D07 - ruelle V53-V58,Sortie ruelleV53 - V58,Barrière à sens unique,véhicule intermédiaire,0
04/05/2024 00:00:00,D07 - ruelle V53-V58,Sortie ruelleV53 - V58,Barrière à sens unique,poids lourd,0
04/05/2024 00:00:00,D07 - ruelle V53-V58,Sortie ruelleV53 - V58,Barrière à sens unique,bus,0
04/05/2024 00:00:00,D07 - ruelle V53-V58,Sortie ruelleV53 - V58,Barrière à sens unique,vélo,0
04/05/2024 00:00:00,D07 - ruelle V53-V58,Sortie ruelleV53 - V58,Barrière à sens unique,personne,52
03/06/2024 00:00:00,D07 - ruelle V53-V58,Sortie ruelleV53 - V58,Barrière à sens unique,moto,0
03/06/2024 00:00:00,D07 - ruelle V53-V58,Sortie ruelleV53 - V58,Barrière à sens unique,véhicule léger,22
03/06/2024 00:00:00,D07 - ruelle V53-V58,Sortie ruelleV53 - V58,Barrière à sens unique,véhicule intermédiaire,0
03/06/2024 00:00:00,D07 - ruelle V53-V58,Sortie ruelleV53 - V58,Barrière à sens unique,poids lourd,0
03/06/2024 00:00:00,D07 - ruelle V53-V58,Sortie ruelleV53 - V58,Barrière à sens unique,bus,0
03/06/2024 00:00:00,D07 - ruelle V53-V58,Sortie ruelleV53 - V58,Barrière à sens unique,vélo,0
03/06/2024 00:00:00,D07 - ruelle V53-V58,Sortie ruelleV53 - V58,Barrière à sens unique,personne,44
03/05/2024 00:00:00,D07 - ruelle V53-V58,Sortie ruelleV53 - V58,Barrière à sens unique,moto,0
03/05/2024 00:00:00,D07 - ruelle V53-V58,Sortie ruelleV53 - V58,Barrière à sens unique,véhicule léger,8
03/05/2024 00:00:00,D07 - ruelle V53-V58,Sortie ruelleV53 - V58,Barrière à sens unique,véhicule intermédiaire,0
03/05/2024 00:00:00,D07 - ruelle V53-V58,Sortie ruelleV53 - V58,Barrière à sens unique,poids lourd,0
03/05/2024 00:00:00,D07 - ruelle V53-V58,Sortie ruelleV53 - V58,Barrière à sens unique,bus,0
03/05/2024 00:00:00,D07 - ruelle V53-V58,Sortie ruelleV53 - V58,Barrière à sens unique,vélo,0
03/05/2024 00:00:00,D07 - ruelle V53-V58,Sortie ruelleV53 - V58,Barrière à sens unique,personne,22
02/06/2024 00:00:00,D07 - ruelle V53-V58,Sortie ruelleV53 - V58,Barrière à sens unique,moto,0
02/06/2024 00:00:00,D07 - ruelle V53-V58,Sortie ruelleV53 - V58,Barrière à sens unique,véhicule léger,21
02/06/2024 00:00:00,D07 - ruelle V53-V58,Sortie ruelleV53 - V58,Barrière à sens unique,véhicule intermédiaire,0
02/06/2024 00:00:00,D07 - ruelle V53-V58,Sortie ruelleV53 - V58,Barrière à sens unique,poids lourd,0
02/06/2024 00:00:00,D07 - ruelle V53-V58,Sortie ruelleV53 - V58,Barrière à sens unique,bus,0
02/06/2024 00:00:00,D07 - ruelle V53-V58,Sortie ruelleV53 - V58,Barrière à sens unique,vélo,0
02/06/2024 00:00:00,D07 - ruelle V53-V58,Sortie ruelleV53 - V58,Barrière à sens unique,personne,25
01/06/2024 00:00:00,D07 - ruelle V53-V58,Sortie ruelleV53 - V58,Barrière à sens unique,moto,0
01/06/2024 00:00:00,D07 - ruelle V53-V58,Sortie ruelleV53 - V58,Barrière à sens unique,véhicule léger,25
01/06/2024 00:00:00,D07 - ruelle V53-V58,Sortie ruelleV53 - V58,Barrière à sens unique,véhicule intermédiaire,0
01/06/2024 00:00:00,D07 - ruelle V53-V58,Sortie ruelleV53 - V58,Barrière à sens unique,poids lourd,0
01/06/2024 00:00:00,D07 - ruelle V53-V58,Sortie ruelleV53 - V58,Barrière à sens unique,bus,0
01/06/2024 00:00:00,D07 - ruelle V53-V58,Sortie ruelleV53 - V58,Barrière à sens unique,vélo,1
01/06/2024 00:00:00,D07 - ruelle V53-V58,Sortie ruelleV53 - V58,Barrière à sens unique,personne,34
